FONTE,    PRODUÇÃO  ,    IMPORTAÇÃO  ,ANO
 PETRÓLEO ,156398,12724,2022
 GÁS NATURAL ,49971,7722,2022
 CARVÃO VAPOR ,2311,3257,2022
 CARVÃO METALÚRGICO ,0,7405,2022
 URÂNIO U3O8 ,516,3160,2022
 ENERGIA HIDRÁULICA ,36732,0,2022
 LENHA ,27283,0,2022
 PRODUTOS DA CANA ,47740,0,2022
 OUTRAS FONTES PRIMÁRIAS ,33597,0,2022
 ENERGIA PRIMÁRIA TOTAL ,354548,34267,2022
 BIODIESEL ,0,0,2022
 ÓLEO DIESEL ,0,12198,2022
 ÓLEO COMBUSTÍVEL ,0,202,2022
 GASOLINA ,0,3193,2022
 GLP ,0,2144,2022
 NAFTA ,0,6451,2022
 QUEROSENE ,0,1064,2022
 GÁS DE CIDADE E DE COQUERIA ,0,0,2022
 COQUE DE CARVÃO MINERAL ,0,1082,2022
 URÂNIO CONTIDO NO UO2,0,2781,2022
 ELETRICIDADE,0,1538,2022
 CARVÃO VEGETAL ,0,0,2022
 ÁLCOOL ETÍLICO ANIDRO E HIDRATADO ,0,53,2022
 OUTRAS SECUNDÁRIAS DE PETRÓLEO ,0,2941,2022
 PRODUTOS NÃO ENERGÉTICOS DE PETRÓLEO ,0,1533,2022
 ALCATRÃO ,0,0,2022
 ENERGIA SECUNDÁRIA TOTAL ,0,35180,2022
 TOTAL  ,354548,69447,2022
 PETRÓLEO ,150386,7247,2021
 GÁS NATURAL ,48462,14833,2021
 CARVÃO VAPOR ,2640,5372,2021
 CARVÃO METALÚRGICO ,0,7893,2021
 URÂNIO U3O8 ,343,4723,2021
 ENERGIA HIDRÁULICA ,31202,0,2021
 LENHA ,27407,0,2021
 PRODUTOS DA CANA ,49425,0,2021
 OUTRAS FONTES PRIMÁRIAS ,28437,0,2021
 ENERGIA PRIMÁRIA TOTAL ,338302,40069,2021
 BIODIESEL ,0,0,2021
 ÓLEO DIESEL ,0,12242,2021
 ÓLEO COMBUSTÍVEL ,0,595,2021
 GASOLINA ,0,2121,2021
 GLP ,0,2454,2021
 NAFTA ,0,6052,2021
 QUEROSENE ,0,307,2021
 GÁS DE CIDADE E DE COQUERIA ,0,0,2021
 COQUE DE CARVÃO MINERAL ,0,1153,2021
 URÂNIO CONTIDO NO UO2,0,3129,2021
 ELETRICIDADE,0,1991,2021
 CARVÃO VEGETAL ,0,0,2021
 ÁLCOOL ETÍLICO ANIDRO E HIDRATADO ,0,231,2021
 OUTRAS SECUNDÁRIAS DE PETRÓLEO ,0,2898,2021
 PRODUTOS NÃO ENERGÉTICOS DE PETRÓLEO ,0,1711,2021
 ALCATRÃO ,0,0,2021
 ENERGIA SECUNDÁRIA TOTAL ,0,34885,2021
 TOTAL  ,338302,74953,2021
 PETRÓLEO ,152635,8684,2020
 GÁS NATURAL ,46299,8458,2020
 CARVÃO VAPOR ,2085,3897,2020
 CARVÃO METALÚRGICO ,0,6815,2020
 URÂNIO U3O8 ,206,4699,2020
 ENERGIA HIDRÁULICA ,34089,0,2020
 LENHA ,26457,0,2020
 PRODUTOS DA CANA ,55597,0,2020
 OUTRAS FONTES PRIMÁRIAS ,25171,0,2020
 ENERGIA PRIMÁRIA TOTAL ,342538,32553,2020
 BIODIESEL ,0,0,2020
 ÓLEO DIESEL ,0,10171,2020
 ÓLEO COMBUSTÍVEL ,0,37,2020
 GASOLINA ,0,3805,2020
 GLP ,0,2235,2020
 NAFTA ,0,2932,2020
 QUEROSENE ,0,269,2020
 GÁS DE CIDADE E DE COQUERIA ,0,0,2020
 COQUE DE CARVÃO MINERAL ,0,937,2020
 URÂNIO CONTIDO NO UO2,0,2594,2020
 ELETRICIDADE,0,2160,2020
 CARVÃO VEGETAL ,0,0,2020
 ÁLCOOL ETÍLICO ANIDRO E HIDRATADO ,0,511,2020
 OUTRAS SECUNDÁRIAS DE PETRÓLEO ,0,2057,2020
 PRODUTOS NÃO ENERGÉTICOS DE PETRÓLEO ,0,1236,2020
 ALCATRÃO ,0,0,2020
 ENERGIA SECUNDÁRIA TOTAL ,0,28943,2020
 TOTAL  ,342538,61496,2020
 PETRÓLEO ,144303,8885,2019
 GÁS NATURAL ,44398,8628,2019
 CARVÃO VAPOR ,2162,4901,2019
 CARVÃO METALÚRGICO ,0,7536,2019
 URÂNIO U3O8 ,0,3073,2019
 ENERGIA HIDRÁULICA ,34217,0,2019
 LENHA ,26411,0,2019
 PRODUTOS DA CANA ,52861,0,2019
 OUTRAS FONTES PRIMÁRIAS ,23320,0,2019
 ENERGIA PRIMÁRIA TOTAL ,327672,33023,2019
 BIODIESEL ,0,0,2019
 ÓLEO DIESEL ,0,11031,2019
 ÓLEO COMBUSTÍVEL ,0,54,2019
 GASOLINA ,0,3763,2019
 GLP ,0,2172,2019
 NAFTA ,0,6611,2019
 QUEROSENE ,0,853,2019
 GÁS DE CIDADE E DE COQUERIA ,0,0,2019
 COQUE DE CARVÃO MINERAL ,0,902,2019
 URÂNIO CONTIDO NO UO2,0,3269,2019
 ELETRICIDADE,0,2163,2019
 CARVÃO VEGETAL ,0,0,2019
 ÁLCOOL ETÍLICO ANIDRO E HIDRATADO ,0,767,2019
 OUTRAS SECUNDÁRIAS DE PETRÓLEO ,0,2135,2019
 PRODUTOS NÃO ENERGÉTICOS DE PETRÓLEO ,0,1142,2019
 ALCATRÃO ,0,0,2019
 ENERGIA SECUNDÁRIA TOTAL ,0,34863,2019
 TOTAL  ,327672,67886,2019
 PETRÓLEO ,134067,9627,2018
 GÁS NATURAL ,40560,9324,2018
 CARVÃO VAPOR ,1930,5603,2018
 CARVÃO METALÚRGICO ,0,8205,2018
 URÂNIO U3O8 ,0,5116,2018
 ENERGIA HIDRÁULICA ,33452,0,2018
 LENHA ,26250,0,2018
 PRODUTOS DA CANA ,50895,0,2018
 OUTRAS FONTES PRIMÁRIAS ,22442,0,2018
 ENERGIA PRIMÁRIA TOTAL ,309595,37876,2018
 BIODIESEL ,0,0,2018
 ÓLEO DIESEL ,0,9879,2018
 ÓLEO COMBUSTÍVEL ,0,305,2018
 GASOLINA ,0,2493,2018
 GLP ,0,2130,2018
 NAFTA ,0,6102,2018
 QUEROSENE ,0,737,2018
 GÁS DE CIDADE E DE COQUERIA ,0,0,2018
 COQUE DE CARVÃO MINERAL ,0,1269,2018
 URÂNIO CONTIDO NO UO2,0,1150,2018
 ELETRICIDADE,0,3008,2018
 CARVÃO VEGETAL ,0,0,2018
 ÁLCOOL ETÍLICO ANIDRO E HIDRATADO ,0,947,2018
 OUTRAS SECUNDÁRIAS DE PETRÓLEO ,0,2198,2018
 PRODUTOS NÃO ENERGÉTICOS DE PETRÓLEO ,0,1243,2018
 ALCATRÃO ,0,0,2018
 ENERGIA SECUNDÁRIA TOTAL ,0,31462,2018
 TOTAL  ,309595,69339,2018
 PETRÓLEO ,135907,7491,2017
 GÁS NATURAL ,39810,9434,2017
 CARVÃO VAPOR ,1931,5453,2017
 CARVÃO METALÚRGICO ,0,8580,2017
 URÂNIO U3O8 ,0,5206,2017
 ENERGIA HIDRÁULICA ,31898,0,2017
 LENHA ,24864,0,2017
 PRODUTOS DA CANA ,49725,0,2017
 OUTRAS FONTES PRIMÁRIAS ,20044,0,2017
 ENERGIA PRIMÁRIA TOTAL ,304177,36164,2017
 BIODIESEL ,0,0,2017
 ÓLEO DIESEL ,0,10986,2017
 ÓLEO COMBUSTÍVEL ,0,72,2017
 GASOLINA ,0,3456,2017
 GLP ,0,2012,2017
 NAFTA ,0,8160,2017
 QUEROSENE ,0,473,2017
 GÁS DE CIDADE E DE COQUERIA ,0,0,2017
 COQUE DE CARVÃO MINERAL ,0,1061,2017
 URÂNIO CONTIDO NO UO2,0,3063,2017
 ELETRICIDADE,0,3140,2017
 CARVÃO VEGETAL ,0,0,2017
 ÁLCOOL ETÍLICO ANIDRO E HIDRATADO ,0,975,2017
 OUTRAS SECUNDÁRIAS DE PETRÓLEO ,0,1738,2017
 PRODUTOS NÃO ENERGÉTICOS DE PETRÓLEO ,0,1136,2017
 ALCATRÃO ,0,0,2017
 ENERGIA SECUNDÁRIA TOTAL ,0,36272,2017
 TOTAL  ,304177,72436,2017
 PETRÓLEO ,130373,8009,2016
 GÁS NATURAL ,37610,10320,2016
 CARVÃO VAPOR ,2636,4992,2016
 CARVÃO METALÚRGICO ,0,7917,2016
 URÂNIO U3O8 ,0,4173,2016
 ENERGIA HIDRÁULICA ,32758,0,2016
 LENHA ,23502,0,2016
 PRODUTOS DA CANA ,50658,0,2016
 OUTRAS FONTES PRIMÁRIAS ,18324,0,2016
 ENERGIA PRIMÁRIA TOTAL ,295862,35411,2016
 BIODIESEL ,0,0,2016
 ÓLEO DIESEL ,0,7182,2016
 ÓLEO COMBUSTÍVEL ,0,62,2016
 GASOLINA ,0,2934,2016
 GLP ,0,2111,2016
 NAFTA ,0,6630,2016
 QUEROSENE ,0,786,2016
 GÁS DE CIDADE E DE COQUERIA ,0,0,2016
 COQUE DE CARVÃO MINERAL ,0,764,2016
 URÂNIO CONTIDO NO UO2,0,2180,2016
 ELETRICIDADE,0,3553,2016
 CARVÃO VEGETAL ,0,0,2016
 ÁLCOOL ETÍLICO ANIDRO E HIDRATADO ,0,434,2016
 OUTRAS SECUNDÁRIAS DE PETRÓLEO ,0,1605,2016
 PRODUTOS NÃO ENERGÉTICOS DE PETRÓLEO ,0,1042,2016
 ALCATRÃO ,0,0,2016
 ENERGIA SECUNDÁRIA TOTAL ,0,29284,2016
 TOTAL  ,295862,64694,2016
 PETRÓLEO ,126127,15377,2015
 GÁS NATURAL ,34871,16198,2015
 CARVÃO VAPOR ,2459,5638,2015
 CARVÃO METALÚRGICO ,0,7625,2015
 URÂNIO U3O8 ,512,2159,2015
 ENERGIA HIDRÁULICA ,30938,0,2015
 LENHA ,25075,0,2015
 PRODUTOS DA CANA ,50400,0,2015
 OUTRAS FONTES PRIMÁRIAS ,16743,0,2015
 ENERGIA PRIMÁRIA TOTAL ,287126,46997,2015
 BIODIESEL ,0,0,2015
 ÓLEO DIESEL ,0,5885,2015
 ÓLEO COMBUSTÍVEL ,0,339,2015
 GASOLINA ,0,2260,2015
 GLP ,0,1950,2015
 NAFTA ,0,6172,2015
 QUEROSENE ,0,1129,2015
 GÁS DE CIDADE E DE COQUERIA ,0,0,2015
 COQUE DE CARVÃO MINERAL ,0,1584,2015
 URÂNIO CONTIDO NO UO2,0,2729,2015
 ELETRICIDADE,0,2979,2015
 CARVÃO VEGETAL ,0,0,2015
 ÁLCOOL ETÍLICO ANIDRO E HIDRATADO ,0,432,2015
 OUTRAS SECUNDÁRIAS DE PETRÓLEO ,0,2350,2015
 PRODUTOS NÃO ENERGÉTICOS DE PETRÓLEO ,0,1160,2015
 ALCATRÃO ,0,0,2015
 ENERGIA SECUNDÁRIA TOTAL ,0,28969,2015
 TOTAL  ,287126,75966,2015
 PETRÓLEO ,116705,18082,2014
 GÁS NATURAL ,31661,17001,2014
 CARVÃO VAPOR ,3059,5306,2014
 CARVÃO METALÚRGICO ,0,8110,2014
 URÂNIO U3O8 ,681,2883,2014
 ENERGIA HIDRÁULICA ,32116,0,2014
 LENHA ,25223,0,2014
 PRODUTOS DA CANA ,49273,0,2014
 OUTRAS FONTES PRIMÁRIAS ,14814,0,2014
 ENERGIA PRIMÁRIA TOTAL ,273532,51383,2014
 BIODIESEL ,0,0,2014
 ÓLEO DIESEL ,0,9561,2014
 ÓLEO COMBUSTÍVEL ,0,382,2014
 GASOLINA ,0,1626,2014
 GLP ,0,2277,2014
 NAFTA ,0,5238,2014
 QUEROSENE ,0,1236,2014
 GÁS DE CIDADE E DE COQUERIA ,0,0,2014
 COQUE DE CARVÃO MINERAL ,0,1254,2014
 URÂNIO CONTIDO NO UO2,0,1022,2014
 ELETRICIDADE,0,2905,2014
 CARVÃO VEGETAL ,0,0,2014
 ÁLCOOL ETÍLICO ANIDRO E HIDRATADO ,0,511,2014
 OUTRAS SECUNDÁRIAS DE PETRÓLEO ,0,2997,2014
 PRODUTOS NÃO ENERGÉTICOS DE PETRÓLEO ,0,1133,2014
 ALCATRÃO ,0,0,2014
 ENERGIA SECUNDÁRIA TOTAL ,0,30142,2014
 TOTAL  ,273532,81525,2014
 PETRÓLEO ,104762,20373,2013
 GÁS NATURAL ,27969,14926,2013
 CARVÃO VAPOR ,3298,4206,2013
 CARVÃO METALÚRGICO ,0,7838,2013
 URÂNIO U3O8 ,2375,601,2013
 ENERGIA HIDRÁULICA ,33625,0,2013
 LENHA ,24788,0,2013
 PRODUTOS DA CANA ,49306,0,2013
 OUTRAS FONTES PRIMÁRIAS ,12773,0,2013
 ENERGIA PRIMÁRIA TOTAL ,258896,47944,2013
 BIODIESEL ,0,0,2013
 ÓLEO DIESEL ,0,8501,2013
 ÓLEO COMBUSTÍVEL ,0,92,2013
 GASOLINA ,0,1744,2013
 GLP ,0,2060,2013
 NAFTA ,0,5261,2013
 QUEROSENE ,0,1467,2013
 GÁS DE CIDADE E DE COQUERIA ,0,0,2013
 COQUE DE CARVÃO MINERAL ,0,1308,2013
 URÂNIO CONTIDO NO UO2,0,3334,2013
 ELETRICIDADE,0,3469,2013
 CARVÃO VEGETAL ,0,0,2013
 ÁLCOOL ETÍLICO ANIDRO E HIDRATADO ,0,68,2013
 OUTRAS SECUNDÁRIAS DE PETRÓLEO ,0,2984,2013
 PRODUTOS NÃO ENERGÉTICOS DE PETRÓLEO ,0,1063,2013
 ALCATRÃO ,0,0,2013
 ENERGIA SECUNDÁRIA TOTAL ,0,31350,2013
 TOTAL  ,258896,79294,2013
 PETRÓLEO ,107258,17855,2012
 GÁS NATURAL ,25574,11602,2012
 CARVÃO VAPOR ,2517,3313,2012
 CARVÃO METALÚRGICO ,0,7841,2012
 URÂNIO U3O8 ,3881,3854,2012
 ENERGIA HIDRÁULICA ,35719,0,2012
 LENHA ,25683,0,2012
 PRODUTOS DA CANA ,45117,0,2012
 OUTRAS FONTES PRIMÁRIAS ,11706,0,2012
 ENERGIA PRIMÁRIA TOTAL ,257455,44465,2012
 BIODIESEL ,0,0,2012
 ÓLEO DIESEL ,0,8241,2012
 ÓLEO COMBUSTÍVEL ,0,217,2012
 GASOLINA ,0,2915,2012
 GLP ,0,1744,2012
 NAFTA ,0,5380,2012
 QUEROSENE ,0,1538,2012
 GÁS DE CIDADE E DE COQUERIA ,0,0,2012
 COQUE DE CARVÃO MINERAL ,0,1098,2012
 URÂNIO CONTIDO NO UO2,0,6522,2012
 ELETRICIDADE,0,3502,2012
 CARVÃO VEGETAL ,0,0,2012
 ÁLCOOL ETÍLICO ANIDRO E HIDRATADO ,0,291,2012
 OUTRAS SECUNDÁRIAS DE PETRÓLEO ,0,2933,2012
 PRODUTOS NÃO ENERGÉTICOS DE PETRÓLEO ,0,1027,2012
 ALCATRÃO ,0,0,2012
 ENERGIA SECUNDÁRIA TOTAL ,0,35410,2012
 TOTAL  ,257455,79876,2012
 PETRÓLEO ,108976,17140,2011
 GÁS NATURAL ,23888,9223,2011
 CARVÃO VAPOR ,2134,3547,2011
 CARVÃO METALÚRGICO ,0,8659,2011
 URÂNIO U3O8 ,4209,966,2011
 ENERGIA HIDRÁULICA ,36837,0,2011
 LENHA ,25997,0,2011
 PRODUTOS DA CANA ,43270,0,2011
 OUTRAS FONTES PRIMÁRIAS ,11497,0,2011
 ENERGIA PRIMÁRIA TOTAL ,256807,39535,2011
 BIODIESEL ,0,0,2011
 ÓLEO DIESEL ,0,7914,2011
 ÓLEO COMBUSTÍVEL ,0,679,2011
 GASOLINA ,0,1689,2011
 GLP ,0,2071,2011
 NAFTA ,0,5454,2011
 QUEROSENE ,0,1482,2011
 GÁS DE CIDADE E DE COQUERIA ,0,0,2011
 COQUE DE CARVÃO MINERAL ,0,1478,2011
 URÂNIO CONTIDO NO UO2,0,2321,2011
 ELETRICIDADE,0,3305,2011
 CARVÃO VEGETAL ,0,0,2011
 ÁLCOOL ETÍLICO ANIDRO E HIDRATADO ,0,601,2011
 OUTRAS SECUNDÁRIAS DE PETRÓLEO ,0,3469,2011
 PRODUTOS NÃO ENERGÉTICOS DE PETRÓLEO ,0,1062,2011
 ALCATRÃO ,0,0,2011
 ENERGIA SECUNDÁRIA TOTAL ,0,31526,2011
 TOTAL  ,256807,71061,2011
 PETRÓLEO ,106559,17516,2010
 GÁS NATURAL ,22771,11130,2010
 CARVÃO VAPOR ,2104,2895,2010
 CARVÃO METALÚRGICO ,0,7972,2010
 URÂNIO U3O8 ,1767,1419,2010
 ENERGIA HIDRÁULICA ,34683,0,2010
 LENHA ,25997,0,2010
 PRODUTOS DA CANA ,48852,0,2010
 OUTRAS FONTES PRIMÁRIAS ,10707,0,2010
 ENERGIA PRIMÁRIA TOTAL ,253440,40931,2010
 BIODIESEL ,0,0,2010
 ÓLEO DIESEL ,0,7638,2010
 ÓLEO COMBUSTÍVEL ,0,154,2010
 GASOLINA ,0,394,2010
 GLP ,0,1908,2010
 NAFTA ,0,5136,2010
 QUEROSENE ,0,1581,2010
 GÁS DE CIDADE E DE COQUERIA ,0,0,2010
 COQUE DE CARVÃO MINERAL ,0,1243,2010
 URÂNIO CONTIDO NO UO2,0,3527,2010
 ELETRICIDADE,0,3088,2010
 CARVÃO VEGETAL ,0,1,2010
 ÁLCOOL ETÍLICO ANIDRO E HIDRATADO ,0,39,2010
 OUTRAS SECUNDÁRIAS DE PETRÓLEO ,0,3384,2010
 PRODUTOS NÃO ENERGÉTICOS DE PETRÓLEO ,0,1723,2010
 ALCATRÃO ,0,0,2010
 ENERGIA SECUNDÁRIA TOTAL ,0,29814,2010
 TOTAL  ,253440,70746,2010
 PETRÓLEO ,100918,19346,2009
 GÁS NATURAL ,20983,7362,2009
 CARVÃO VAPOR ,1913,1999,2009
 CARVÃO METALÚRGICO ,167,6627,2009
 URÂNIO U3O8 ,4117,30,2009
 ENERGIA HIDRÁULICA ,33625,0,2009
 LENHA ,24609,0,2009
 PRODUTOS DA CANA ,44775,0,2009
 OUTRAS FONTES PRIMÁRIAS ,9605,0,2009
 ENERGIA PRIMÁRIA TOTAL ,240713,35364,2009
 BIODIESEL ,0,0,2009
 ÓLEO DIESEL ,0,2981,2009
 ÓLEO COMBUSTÍVEL ,0,10,2009
 GASOLINA ,0,10,2009
 GLP ,0,1562,2009
 NAFTA ,0,3958,2009
 QUEROSENE ,0,1044,2009
 GÁS DE CIDADE E DE COQUERIA ,0,0,2009
 COQUE DE CARVÃO MINERAL ,0,300,2009
 URÂNIO CONTIDO NO UO2,0,3707,2009
 ELETRICIDADE,0,3504,2009
 CARVÃO VEGETAL ,0,1,2009
 ÁLCOOL ETÍLICO ANIDRO E HIDRATADO ,0,2,2009
 OUTRAS SECUNDÁRIAS DE PETRÓLEO ,0,2869,2009
 PRODUTOS NÃO ENERGÉTICOS DE PETRÓLEO ,0,968,2009
 ALCATRÃO ,0,0,2009
 ENERGIA SECUNDÁRIA TOTAL ,0,20916,2009
 TOTAL  ,240713,56280,2009
 PETRÓLEO ,94000,19689,2008
 GÁS NATURAL ,21398,9986,2008
 CARVÃO VAPOR ,2552,2635,2008
 CARVÃO METALÚRGICO ,101,7909,2008
 URÂNIO U3O8 ,3950,371,2008
 ENERGIA HIDRÁULICA ,31782,0,2008
 LENHA ,29227,0,2008
 PRODUTOS DA CANA ,45019,0,2008
 OUTRAS FONTES PRIMÁRIAS ,8686,0,2008
 ENERGIA PRIMÁRIA TOTAL ,236715,40590,2008
 BIODIESEL ,0,0,2008
 ÓLEO DIESEL ,0,4943,2008
 ÓLEO COMBUSTÍVEL ,0,190,2008
 GASOLINA ,0,0,2008
 GLP ,0,1337,2008
 NAFTA ,0,3591,2008
 QUEROSENE ,0,1230,2008
 GÁS DE CIDADE E DE COQUERIA ,0,0,2008
 COQUE DE CARVÃO MINERAL ,0,1311,2008
 URÂNIO CONTIDO NO UO2,0,3548,2008
 ELETRICIDADE,0,3689,2008
 CARVÃO VEGETAL ,0,0,2008
 ÁLCOOL ETÍLICO ANIDRO E HIDRATADO ,0,0,2008
 OUTRAS SECUNDÁRIAS DE PETRÓLEO ,0,3087,2008
 PRODUTOS NÃO ENERGÉTICOS DE PETRÓLEO ,0,1295,2008
 ALCATRÃO ,0,8,2008
 ENERGIA SECUNDÁRIA TOTAL ,0,24232,2008
 TOTAL  ,236715,64822,2008
 PETRÓLEO ,90765,21515,2007
 GÁS NATURAL ,18025,9094,2007
 CARVÃO VAPOR ,2257,2620,2007
 CARVÃO METALÚRGICO ,92,7598,2007
 URÂNIO U3O8 ,3622,2505,2007
 ENERGIA HIDRÁULICA ,32165,0,2007
 LENHA ,28618,0,2007
 PRODUTOS DA CANA ,40458,0,2007
 OUTRAS FONTES PRIMÁRIAS ,7879,0,2007
 ENERGIA PRIMÁRIA TOTAL ,223883,43332,2007
 BIODIESEL ,0,0,2007
 ÓLEO DIESEL ,0,4324,2007
 ÓLEO COMBUSTÍVEL ,0,112,2007
 GASOLINA ,0,8,2007
 GLP ,0,1096,2007
 NAFTA ,0,3693,2007
 QUEROSENE ,0,733,2007
 GÁS DE CIDADE E DE COQUERIA ,0,0,2007
 COQUE DE CARVÃO MINERAL ,0,1088,2007
 URÂNIO CONTIDO NO UO2,0,992,2007
 ELETRICIDADE,0,3514,2007
 CARVÃO VEGETAL ,0,9,2007
 ÁLCOOL ETÍLICO ANIDRO E HIDRATADO ,0,2,2007
 OUTRAS SECUNDÁRIAS DE PETRÓLEO ,0,2734,2007
 PRODUTOS NÃO ENERGÉTICOS DE PETRÓLEO ,0,1108,2007
 ALCATRÃO ,0,0,2007
 ENERGIA SECUNDÁRIA TOTAL ,0,19413,2007
 TOTAL  ,223883,62745,2007
 PETRÓLEO ,89214,17285,2006
 GÁS NATURAL ,17582,8614,2006
 CARVÃO VAPOR ,2200,2438,2006
 CARVÃO METALÚRGICO ,87,6749,2006
 URÂNIO U3O8 ,2338,1985,2006
 ENERGIA HIDRÁULICA ,29997,0,2006
 LENHA ,28482,0,2006
 PRODUTOS DA CANA ,35133,0,2006
 OUTRAS FONTES PRIMÁRIAS ,6951,0,2006
 ENERGIA PRIMÁRIA TOTAL ,211985,37071,2006
 BIODIESEL ,0,0,2006
 ÓLEO DIESEL ,0,3006,2006
 ÓLEO COMBUSTÍVEL ,0,241,2006
 GASOLINA ,0,22,2006
 GLP ,0,969,2006
 NAFTA ,0,3495,2006
 QUEROSENE ,0,576,2006
 GÁS DE CIDADE E DE COQUERIA ,0,0,2006
 COQUE DE CARVÃO MINERAL ,0,1036,2006
 URÂNIO CONTIDO NO UO2,0,3958,2006
 ELETRICIDADE,0,3564,2006
 CARVÃO VEGETAL ,0,102,2006
 ÁLCOOL ETÍLICO ANIDRO E HIDRATADO ,0,0,2006
 OUTRAS SECUNDÁRIAS DE PETRÓLEO ,0,2250,2006
 PRODUTOS NÃO ENERGÉTICOS DE PETRÓLEO ,0,1379,2006
 ALCATRÃO ,0,0,2006
 ENERGIA SECUNDÁRIA TOTAL ,0,20599,2006
 TOTAL  ,211985,57670,2006
 PETRÓLEO ,84300,17674,2005
 GÁS NATURAL ,17575,7918,2005
 CARVÃO VAPOR ,2348,2448,2005
 CARVÃO METALÚRGICO ,135,6959,2005
 URÂNIO U3O8 ,1309,5156,2005
 ENERGIA HIDRÁULICA ,29021,0,2005
 LENHA ,28420,0,2005
 PRODUTOS DA CANA ,31094,0,2005
 OUTRAS FONTES PRIMÁRIAS ,6492,0,2005
 ENERGIA PRIMÁRIA TOTAL ,200695,40154,2005
 BIODIESEL ,0,0,2005
 ÓLEO DIESEL ,0,2520,2005
 ÓLEO COMBUSTÍVEL ,0,51,2005
 GASOLINA ,0,55,2005
 GLP ,0,579,2005
 NAFTA ,0,3653,2005
 QUEROSENE ,0,267,2005
 GÁS DE CIDADE E DE COQUERIA ,0,0,2005
 COQUE DE CARVÃO MINERAL ,0,1202,2005
 URÂNIO CONTIDO NO UO2,0,2332,2005
 ELETRICIDADE,0,3371,2005
 CARVÃO VEGETAL ,0,58,2005
 ÁLCOOL ETÍLICO ANIDRO E HIDRATADO ,0,0,2005
 OUTRAS SECUNDÁRIAS DE PETRÓLEO ,0,1994,2005
 PRODUTOS NÃO ENERGÉTICOS DE PETRÓLEO ,0,1250,2005
 ALCATRÃO ,0,0,2005
 ENERGIA SECUNDÁRIA TOTAL ,0,17331,2005
 TOTAL  ,200695,57486,2005
 PETRÓLEO ,76641,23258,2004
 GÁS NATURAL ,16852,7116,2004
 CARVÃO VAPOR ,2016,2530,2004
 CARVÃO METALÚRGICO ,137,7136,2004
 URÂNIO U3O8 ,3569,507,2004
 ENERGIA HIDRÁULICA ,27589,0,2004
 LENHA ,28187,0,2004
 PRODUTOS DA CANA ,29385,0,2004
 OUTRAS FONTES PRIMÁRIAS ,6007,0,2004
 ENERGIA PRIMÁRIA TOTAL ,190384,40546,2004
 ÓLEO DIESEL ,0,2285,2004
 ÓLEO COMBUSTIVEL ,0,125,2004
 GASOLINA ,0,44,2004
 GLP ,0,1149,2004
 NAFTA ,0,3443,2004
 QUEROSENE ,0,89,2004
 GÁS DE COQUERIA ,0,0,2004
 COQUE DE CARVÃO MINERAL ,0,1412,2004
 URÂNIO CONTIDO NO UO2,0,5627,2004
 ELETRICIDADE,0,3216,2004
 CARVÃO VEGETAL ,0,34,2004
 ÁLCOOL ETÍLICO ANIDRO E HIDRATADO ,0,0,2004
 OUTRAS SECUNDÁRIAS DE PETRÓLEO ,0,2153,2004
 PRODUTOS NÃO ENERGÉTICOS DE PETRÓLEO ,0,485,2004
 ALCATRÃO ,0,0,2004
 ENERGIA SECUNDÁRIA TOTAL ,0,20060,2004
 TOTAL  ,190384,60606,2004
 PETRÓLEO ,77225,17646,2003
 GÁS NATURAL ,15681,4448,2003
 CARVÃO VAPOR ,1785,2276,2003
 CARVÃO METALÚRGICO ,38,7030,2003
 URÂNIO U3O8 ,2745,2155,2003
 ENERGIA HIDRÁULICA ,26283,0,2003
 LENHA ,25965,0,2003
 PRODUTOS DA CANA ,28357,0,2003
 OUTRAS FONTES PRIMÁRIAS ,5786,0,2003
 ENERGIA PRIMÁRIA TOTAL ,183865,33556,2003
 ÓLEO DIESEL ,0,3239,2003
 ÓLEO COMBUSTIVEL ,0,89,2003
 GASOLINA ,0,142,2003
 GLP ,0,1246,2003
 NAFTA ,0,2827,2003
 QUEROSENE ,0,289,2003
 GÁS DE CIDADE E DE COQUERIA ,0,0,2003
 COQUE DE CARVÃO MINERAL ,0,1821,2003
 URÂNIO CONTIDO NO UO2,0,1283,2003
 ELETRICIDADE,0,3195,2003
 CARVÃO VEGETAL ,0,16,2003
 ÁLCOOL ETÍLICO ANIDRO E HIDRATADO ,0,3,2003
 OUTRAS SECUNDÁRIAS DE PETRÓLEO ,0,2173,2003
 PRODUTOS NÃO ENERGÉTICOS DE PETRÓLEO ,0,450,2003
 ALCATRÃO ,0,0,2003
 ENERGIA SECUNDÁRIA TOTAL ,0,16775,2003
 TOTAL  ,183865,50331,2003
 PETRÓLEO ,74927,19669,2002
 GÁS NATURAL ,15416,4725,2002
 CARVÃO VAPOR ,1936,2105,2002
 CARVÃO METALÚRGICO ,63,6896,2002
 URÂNIO U3O8 ,3335,3580,2002
 ENERGIA HIDRÁULICA ,24604,0,2002
 LENHA ,23645,0,2002
 PRODUTOS DA CANA ,25279,0,2002
 OUTRAS FONTES PRIMÁRIAS ,5157,0,2002
 ENERGIA PRIMÁRIA TOTAL ,174362,36975,2002
 ÓLEO DIESEL ,0,5418,2002
 ÓLEO COMBUSTIVEL ,0,57,2002
 GASOLINA ,0,126,2002
 GLP ,0,2049,2002
 NAFTA ,0,2486,2002
 QUEROSENE ,0,819,2002
 GÁS DE CIDADE E DE COQUERIA ,0,0,2002
 COQUE DE CARVÃO MINERAL ,0,1438,2002
 URÂNIO CONTIDO NO UO2,0,0,2002
 ELETRICIDADE,0,3146,2002
 CARVÃO VEGETAL ,0,8,2002
 ÁLCOOL ETÍLICO ANIDRO E HIDRATADO ,0,1,2002
 OUTRAS SECUNDÁRIAS DE PETRÓLEO ,0,1895,2002
 PRODUTOS NÃO ENERGÉTICOS DE PETRÓLEO ,0,424,2002
 ALCATRÃO ,0,0,2002
 ENERGIA SECUNDÁRIA TOTAL ,0,17867,2002
 TOTAL  ,174362,54841,2002
 PETRÓLEO ,66742,21570,2001
 GÁS NATURAL ,13894,4053,2001
 CARVÃO VAPOR ,2175,1862,2001
 CARVÃO METALÚRGICO ,10,7199,2001
 URÂNIO U3O8 ,669,1632,2001
 ENERGIA HIDRÁULICA ,23037,0,2001
 LENHA ,22437,0,2001
 PRODUTOS DA CANA ,22800,0,2001
 OUTRAS FONTES PRIMÁRIAS ,4705,0,2001
 ENERGIA PRIMÁRIA TOTAL ,156470,36316,2001
 ÓLEO DIESEL ,0,5587,2001
 ÓLEO COMBUSTIVEL ,0,12,2001
 GASOLINA ,0,246,2001
 GLP ,0,2349,2001
 NAFTA ,0,2532,2001
 QUEROSENE ,0,1037,2001
 GÁS DE CIDADE E DE COQUERIA ,0,0,2001
 COQUE DE CARVÃO MINERAL ,0,1116,2001
 URÂNIO CONTIDO NO UO2,0,74,2001
 ELETRICIDADE,0,3255,2001
 CARVÃO VEGETAL ,0,12,2001
 ÁLCOOL ETÍLICO ANIDRO E HIDRATADO ,0,60,2001
 OUTRAS SECUNDÁRIAS DE PETRÓLEO ,0,2467,2001
 PRODUTOS NÃO ENERGÉTICOS DE PETRÓLEO ,0,234,2001
 ALCATRÃO ,0,0,2001
 ENERGIA SECUNDÁRIA TOTAL ,0,18981,2001
 TOTAL  ,156470,55297,2001
 PETRÓLEO ,63849,20537,2000
 GÁS NATURAL ,13185,1945,2000
 CARVÃO VAPOR ,2603,1917,2000
 CARVÃO METALÚRGICO ,10,7300,2000
 URÂNIO U3O8 ,132,618,2000
 ENERGIA HIDRÁULICA ,26179,0,2000
 LENHA ,23054,4,2000
 PRODUTOS DA CANA ,19895,0,2000
 OUTRAS FONTES PRIMÁRIAS ,4494,0,2000
 ENERGIA PRIMÁRIA TOTAL ,153400,32322,2000
 ÓLEO DIESEL ,0,4986,2000
 ÓLEO COMBUSTIVEL ,0,68,2000
 GASOLINA ,0,47,2000
 GLP ,0,3117,2000
 NAFTA ,0,2912,2000
 QUEROSENE ,0,742,2000
 GÁS DE CIDADE E DE COQUERIA ,0,0,2000
 COQUE DE CARVÃO MINERAL ,0,1112,2000
 URÂNIO CONTIDO NO UO2,0,0,2000
 ELETRICIDADE,0,3814,2000
 CARVÃO VEGETAL ,0,7,2000
 ÁLCOOL ETÍLICO ANIDRO E HIDRATADO ,0,33,2000
 OUTRAS SECUNDÁRIAS DE PETRÓLEO ,0,1940,2000
 PRODUTOS NÃO ENERGÉTICOS DE PETRÓLEO ,0,157,2000
 ALCATRÃO ,0,0,2000
 ENERGIA SECUNDÁRIA TOTAL ,0,18934,2000
 TOTAL  ,153400,51256,2000
 PETRÓLEO ,56612,24169,1999
 GÁS NATURAL ,11810,352,1999
 CARVÃO VAPOR ,2110,1717,1999
 CARVÃO METALÚRGICO ,19,7219,1999
 URÂNIO U3O8 ,0,6,1999
 ENERGIA HIDRÁULICA ,25198,0,1999
 LENHA ,22126,4,1999
 PRODUTOS DA CANA ,24575,0,1999
 OUTRAS FONTES PRIMÁRIAS ,4018,0,1999
 ENERGIA PRIMÁRIA TOTAL ,146469,33466,1999
 ÓLEO DIESEL ,0,4475,1999
 ÓLEO COMBUSTIVEL ,0,228,1999
 GASOLINA ,0,176,1999
 GLP ,0,3299,1999
 NAFTA ,0,2974,1999
 QUEROSENE ,0,850,1999
 GÁS DE CIDADE E DE COQUERIA ,0,0,1999
 COQUE DE CARVÃO MINERAL ,0,795,1999
 URÂNIO CONTIDO NO UO2,0,0,1999
 ELETRICIDADE,0,3437,1999
 CARVÃO VEGETAL ,0,6,1999
 ÁLCOOL ETÍLICO ANIDRO E HIDRATADO ,0,189,1999
 OUTRAS SECUNDÁRIAS DE PETRÓLEO ,0,1708,1999
 PRODUTOS NÃO ENERGÉTICOS DE PETRÓLEO ,0,238,1999
 ALCATRÃO ,0,0,1999
 ENERGIA SECUNDÁRIA TOTAL ,0,18375,1999
 TOTAL  ,146469,51841,1999
 PETRÓLEO ,50512,28505,1998
 GÁS NATURAL ,10708,0,1998
 CARVÃO VAPOR ,2067,1389,1998
 CARVÃO METALÚRGICO ,13,7745,1998
 URÂNIO U3O8 ,23,5413,1998
 ENERGIA HIDRÁULICA ,25066,0,1998
 LENHA ,21261,4,1998
 PRODUTOS DA CANA ,25155,0,1998
 OUTRAS FONTES PRIMÁRIAS ,3493,0,1998
 ENERGIA PRIMÁRIA TOTAL ,138298,43056,1998
 ÓLEO DIESEL ,0,5351,1998
 ÓLEO COMBUSTIVEL ,0,56,1998
 GASOLINA ,0,164,1998
 GLP ,0,3082,1998
 NAFTA ,0,3832,1998
 QUEROSENE ,0,829,1998
 GÁS DE CIDADE E DE COQUERIA ,0,0,1998
 COQUE DE CARVÃO MINERAL ,0,1161,1998
 URÂNIO CONTIDO NO UO2,0,0,1998
 ELETRICIDADE,0,3389,1998
 CARVÃO VEGETAL ,0,7,1998
 ÁLCOOL ETÍLICO ANIDRO E HIDRATADO ,0,83,1998
 OUTRAS SECUNDÁRIAS DE PETRÓLEO ,0,759,1998
 PRODUTOS NÃO ENERGÉTICOS DE PETRÓLEO ,0,190,1998
 ALCATRÃO ,0,0,1998
 ENERGIA SECUNDÁRIA TOTAL ,0,18904,1998
 TOTAL  ,138298,61960,1998
 PETRÓLEO ,43590,29762,1997
 GÁS NATURAL ,9752,0,1997
 CARVÃO VAPOR ,2111,1273,1997
 CARVÃO METALÚRGICO ,58,7877,1997
 URÂNIO U3O8 ,0,8385,1997
 ENERGIA HIDRÁULICA ,23992,0,1997
 LENHA ,21663,1,1997
 PRODUTOS DA CANA ,25939,0,1997
 OUTRAS FONTES PRIMÁRIAS ,3321,0,1997
 ENERGIA PRIMÁRIA TOTAL ,130425,47297,1997
 ÓLEO DIESEL ,0,5130,1997
 ÓLEO COMBUSTIVEL ,0,458,1997
 GASOLINA ,0,308,1997
 GLP ,0,2876,1997
 NAFTA ,0,3729,1997
 QUEROSENE ,0,723,1997
 GÁS DE CIDADE E DE COQUERIA ,0,0,1997
 COQUE DE CARVÃO MINERAL ,0,1178,1997
 URÂNIO CONTIDO NO UO2,0,0,1997
 ELETRICIDADE,0,3481,1997
 CARVÃO VEGETAL ,0,7,1997
 ÁLCOOL ETÍLICO ANIDRO E HIDRATADO ,0,458,1997
 OUTRAS SECUNDÁRIAS DE PETRÓLEO ,0,419,1997
 PRODUTOS NÃO ENERGÉTICOS DE PETRÓLEO ,0,212,1997
 ALCATRÃO ,0,0,1997
 ENERGIA SECUNDÁRIA TOTAL ,0,18980,1997
 TOTAL  ,130425,66277,1997
 PETRÓLEO ,40521,29407,1996
 GÁS NATURAL ,9088,0,1996
 CARVÃO VAPOR ,1792,909,1996
 CARVÃO METALÚRGICO ,85,8322,1996
 URÂNIO U3O8 ,0,1409,1996
 ENERGIA HIDRÁULICA ,22856,0,1996
 LENHA ,21969,2,1996
 PRODUTOS DA CANA ,23397,0,1996
 OUTRAS FONTES PRIMÁRIAS ,3121,0,1996
 ENERGIA PRIMÁRIA TOTAL ,122831,40050,1996
 ÓLEO DIESEL ,0,4272,1996
 ÓLEO COMBUSTIVEL ,0,1676,1996
 GASOLINA ,0,748,1996
 GLP ,0,2744,1996
 NAFTA ,0,2594,1996
 QUEROSENE ,0,578,1996
 GÁS DE CIDADE E DE COQUERIA ,0,0,1996
 COQUE DE CARVÃO MINERAL ,0,1184,1996
 URÂNIO CONTIDO NO UO2,0,0,1996
 ELETRICIDADE,0,3145,1996
 CARVÃO VEGETAL ,0,5,1996
 ÁLCOOL ETÍLICO ANIDRO E HIDRATADO ,0,673,1996
 OUTRAS SECUNDÁRIAS DE PETRÓLEO ,0,114,1996
 PRODUTOS NÃO ENERGÉTICOS DE PETRÓLEO ,0,294,1996
 ALCATRÃO ,0,0,1996
 ENERGIA SECUNDÁRIA TOTAL ,0,18027,1996
 TOTAL  ,122831,58077,1996
 PETRÓLEO ,35776,25984,1995
 GÁS NATURAL ,7896,0,1995
 CARVÃO VAPOR ,1967,475,1995
 CARVÃO METALÚRGICO ,68,8104,1995
 URÂNIO U3O8 ,0,0,1995
 ENERGIA HIDRÁULICA ,21836,0,1995
 LENHA ,23261,1,1995
 PRODUTOS DA CANA ,21778,0,1995
 OUTRAS FONTES PRIMÁRIAS ,2953,0,1995
 ENERGIA PRIMÁRIA TOTAL ,115535,34564,1995
 ÓLEO DIESEL ,0,3700,1995
 ÓLEO COMBUSTIVEL ,0,713,1995
 GASOLINA ,0,719,1995
 GLP ,0,2611,1995
 NAFTA ,0,2716,1995
 QUEROSENE ,0,536,1995
 GÁS DE CIDADE E DE COQUERIA ,0,0,1995
 COQUE DE CARVÃO MINERAL ,0,1226,1995
 URÂNIO CONTIDO NO UO2,0,0,1995
 ELETRICIDADE,0,3040,1995
 CARVÃO VEGETAL ,0,10,1995
 ÁLCOOL ETÍLICO ANIDRO E HIDRATADO ,0,1248,1995
 OUTRAS SECUNDÁRIAS DE PETRÓLEO ,0,0,1995
 PRODUTOS NÃO ENERGÉTICOS DE PETRÓLEO ,0,302,1995
 ALCATRÃO ,0,0,1995
 ENERGIA SECUNDÁRIA TOTAL ,0,16821,1995
 TOTAL  ,115535,51386,1995
 PETRÓLEO ,34446,28488,1994
 GÁS NATURAL ,7699,0,1994
 CARVÃO VAPOR ,1943,263,1994
 CARVÃO METALÚRGICO ,76,8032,1994
 URÂNIO U3O8 ,0,0,1994
 ENERGIA HIDRÁULICA ,20873,0,1994
 LENHA ,24858,0,1994
 PRODUTOS DA CANA ,22010,0,1994
 OUTRAS FONTES PRIMÁRIAS ,3031,0,1994
 ENERGIA PRIMÁRIA TOTAL ,114935,36783,1994
 ÓLEO DIESEL ,0,2845,1994
 ÓLEO COMBUSTIVEL ,0,2802,1994
 GASOLINA ,0,24,1994
 GLP ,0,1923,1994
 NAFTA ,0,2566,1994
 QUEROSENE ,0,342,1994
 GÁS DE CIDADE E DE COQUERIA ,0,0,1994
 COQUE DE CARVÃO MINERAL ,0,1021,1994
 URÂNIO CONTIDO NO UO2,0,0,1994
 ELETRICIDADE,0,2732,1994
 CARVÃO VEGETAL ,0,4,1994
 ÁLCOOL ETÍLICO ANIDRO E HIDRATADO ,0,961,1994
 OUTRAS SECUNDÁRIAS DE PETRÓLEO ,0,0,1994
 PRODUTOS NÃO ENERGÉTICOS DE PETRÓLEO ,0,106,1994
 ALCATRÃO ,0,0,1994
 ENERGIA SECUNDÁRIA TOTAL ,0,15325,1994
 TOTAL  ,114935,52108,1994
 PETRÓLEO ,33169,26201,1993
 GÁS NATURAL ,7301,0,1993
 CARVÃO VAPOR ,1784,134,1993
 CARVÃO METALÚRGICO ,37,7944,1993
 URÂNIO U3O8 ,0,0,1993
 ENERGIA HIDRÁULICA ,20216,0,1993
 LENHA ,24803,0,1993
 PRODUTOS DA CANA ,19378,0,1993
 OUTRAS FONTES PRIMÁRIAS ,3008,0,1993
 ENERGIA PRIMÁRIA TOTAL ,109695,34280,1993
 ÓLEO DIESEL ,0,3817,1993
 ÓLEO COMBUSTIVEL ,0,4970,1993
 GASOLINA ,0,0,1993
 GLP ,0,1884,1993
 NAFTA ,0,2137,1993
 QUEROSENE ,0,382,1993
 GÁS DE CIDADE E DE COQUERIA ,0,0,1993
 COQUE DE CARVÃO MINERAL ,0,799,1993
 URÂNIO CONTIDO NO UO2,0,0,1993
 ELETRICIDADE,0,2370,1993
 CARVÃO VEGETAL ,0,1,1993
 ÁLCOOL ETÍLICO ANIDRO E HIDRATADO ,0,742,1993
 OUTRAS SECUNDÁRIAS DE PETRÓLEO ,0,0,1993
 PRODUTOS NÃO ENERGÉTICOS DE PETRÓLEO ,0,49,1993
 ALCATRÃO ,0,0,1993
 ENERGIA SECUNDÁRIA TOTAL ,0,17153,1993
 TOTAL  ,109695,51433,1993
 PETRÓLEO ,32466,27322,1992
 GÁS NATURAL ,6924,0,1992
 CARVÃO VAPOR ,1794,0,1992
 CARVÃO METALÚRGICO ,81,7692,1992
 URÂNIO U3O8 ,0,0,1992
 ENERGIA HIDRÁULICA ,19207,0,1992
 LENHA ,25089,0,1992
 PRODUTOS DA CANA ,20064,0,1992
 OUTRAS FONTES PRIMÁRIAS ,2767,0,1992
 ENERGIA PRIMÁRIA TOTAL ,108394,35014,1992
 ÓLEO DIESEL ,0,1965,1992
 ÓLEO COMBUSTIVEL ,0,522,1992
 GASOLINA ,0,0,1992
 GLP ,0,1704,1992
 NAFTA ,0,1132,1992
 QUEROSENE ,0,120,1992
 GÁS DE CIDADE E DE COQUERIA ,0,0,1992
 COQUE DE CARVÃO MINERAL ,0,681,1992
 URÂNIO CONTIDO NO UO2,0,0,1992
 ELETRICIDADE,0,2066,1992
 CARVÃO VEGETAL ,0,0,1992
 ÁLCOOL ETÍLICO ANIDRO E HIDRATADO ,0,280,1992
 OUTRAS SECUNDÁRIAS DE PETRÓLEO ,0,0,1992
 PRODUTOS NÃO ENERGÉTICOS DE PETRÓLEO ,0,12,1992
 ALCATRÃO ,0,0,1992
 ENERGIA SECUNDÁRIA TOTAL ,0,8482,1992
 TOTAL  ,108394,43496,1992
 PETRÓLEO ,32117,27110,1991
 GÁS NATURAL ,6548,0,1991
 CARVÃO VAPOR ,1954,0,1991
 CARVÃO METALÚRGICO ,147,7958,1991
 URÂNIO U3O8 ,0,0,1991
 ENERGIA HIDRÁULICA ,18729,0,1991
 LENHA ,26701,0,1991
 PRODUTOS DA CANA ,20093,0,1991
 OUTRAS FONTES PRIMÁRIAS ,2423,0,1991
 ENERGIA PRIMÁRIA TOTAL ,108714,35068,1991
 ÓLEO DIESEL ,0,1586,1991
 ÓLEO COMBUSTIVEL ,0,232,1991
 GASOLINA ,0,8,1991
 GLP ,0,1699,1991
 NAFTA ,0,537,1991
 QUEROSENE ,0,122,1991
 GÁS DE CIDADE E DE COQUERIA ,0,0,1991
 COQUE DE CARVÃO MINERAL ,0,740,1991
 URÂNIO CONTIDO NO UO2,0,0,1991
 ELETRICIDADE,0,2330,1991
 CARVÃO VEGETAL ,0,0,1991
 ÁLCOOL ETÍLICO ANIDRO E HIDRATADO ,0,557,1991
 OUTRAS SECUNDÁRIAS DE PETRÓLEO ,0,0,1991
 PRODUTOS NÃO ENERGÉTICOS DE PETRÓLEO ,0,77,1991
 ALCATRÃO ,0,0,1991
 ENERGIA SECUNDÁRIA TOTAL ,0,7888,1991
 TOTAL  ,108714,42956,1991
 PETRÓLEO ,32550,29464,1990
 GÁS NATURAL ,6233,0,1990
 CARVÃO VAPOR ,1595,0,1990
 CARVÃO METALÚRGICO ,320,7505,1990
 URÂNIO U3O8 ,51,0,1990
 ENERGIA HIDRÁULICA ,17777,0,1990
 LENHA ,28537,0,1990
 PRODUTOS DA CANA ,18451,0,1990
 OUTRAS FONTES PRIMÁRIAS ,2200,0,1990
 ENERGIA PRIMÁRIA TOTAL ,107713,36969,1990
 ÓLEO DIESEL ,0,596,1990
 ÓLEO COMBUSTIVEL ,0,638,1990
 GASOLINA ,0,4,1990
 GLP ,0,1441,1990
 NAFTA ,0,188,1990
 QUEROSENE ,0,23,1990
 GÁS DE CIDADE E DE COQUERIA ,0,0,1990
 COQUE DE CARVÃO MINERAL ,0,396,1990
 URÂNIO CONTIDO NO UO2,0,0,1990
 ELETRICIDADE,0,2283,1990
 CARVÃO VEGETAL ,0,0,1990
 ÁLCOOL ETÍLICO ANIDRO E HIDRATADO ,0,600,1990
 OUTRAS SECUNDÁRIAS DE PETRÓLEO ,0,0,1990
 PRODUTOS NÃO ENERGÉTICOS DE PETRÓLEO ,0,101,1990
 ALCATRÃO ,0,0,1990
 ENERGIA SECUNDÁRIA TOTAL ,0,6270,1990
 TOTAL  ,107713,43239,1990
 PETRÓLEO ,30623,30440,1989
 GÁS NATURAL ,6060,0,1989
 CARVÃO VAPOR ,2221,0,1989
 CARVÃO METALÚRGICO ,675,7066,1989
 URÂNIO U3O8 ,355,0,1989
 ENERGIA HIDRÁULICA ,17603,0,1989
 LENHA ,32953,0,1989
 PRODUTOS DA CANA ,18480,0,1989
 OUTRAS FONTES PRIMÁRIAS ,2012,0,1989
 ENERGIA PRIMÁRIA TOTAL ,110982,37506,1989
 ÓLEO DIESEL ,0,851,1989
 ÓLEO COMBUSTIVEL ,0,1018,1989
 GASOLINA ,0,2,1989
 GLP ,0,1420,1989
 NAFTA ,0,123,1989
 QUEROSENE ,0,29,1989
 GÁS DE CIDADE E DE COQUERIA ,0,0,1989
 COQUE DE CARVÃO MINERAL ,0,863,1989
 URÂNIO CONTIDO NO UO2,0,0,1989
 ELETRICIDADE,0,2031,1989
 CARVÃO VEGETAL ,0,0,1989
 ÁLCOOL ETÍLICO ANIDRO E HIDRATADO ,0,0,1989
 OUTRAS SECUNDÁRIAS DE PETRÓLEO ,0,0,1989
 PRODUTOS NÃO ENERGÉTICOS DE PETRÓLEO ,0,117,1989
 ALCATRÃO ,0,0,1989
 ENERGIA SECUNDÁRIA TOTAL ,0,6454,1989
 TOTAL  ,110982,43960,1989
 PETRÓLEO ,28448,32796,1988
 GÁS NATURAL ,6005,0,1988
 CARVÃO VAPOR ,2492,0,1988
 CARVÃO METALÚRGICO ,789,6866,1988
 URÂNIO U3O8 ,183,0,1988
 ENERGIA HIDRÁULICA ,17122,0,1988
 LENHA ,32565,0,1988
 PRODUTOS DA CANA ,19032,0,1988
 OUTRAS FONTES PRIMÁRIAS ,2014,0,1988
 ENERGIA PRIMÁRIA TOTAL ,108649,39662,1988
 ÓLEO DIESEL ,0,477,1988
 ÓLEO COMBUSTIVEL ,0,1752,1988
 GASOLINA ,0,5,1988
 GLP ,0,1480,1988
 NAFTA ,0,73,1988
 QUEROSENE ,0,29,1988
 GÁS DE CIDADE E DE COQUERIA ,0,0,1988
 COQUE DE CARVÃO MINERAL ,0,586,1988
 URÂNIO CONTIDO NO UO2,0,0,1988
 ELETRICIDADE,0,1544,1988
 CARVÃO VEGETAL ,0,0,1988
 ÁLCOOL ETÍLICO ANIDRO E HIDRATADO ,0,0,1988
 OUTRAS SECUNDÁRIAS DE PETRÓLEO ,0,0,1988
 PRODUTOS NÃO ENERGÉTICOS DE PETRÓLEO ,0,83,1988
 ALCATRÃO ,0,0,1988
 ENERGIA SECUNDÁRIA TOTAL ,0,6028,1988
 TOTAL  ,108649,45690,1988
 PETRÓLEO ,29104,31810,1987
 GÁS NATURAL ,5738,0,1987
 CARVÃO VAPOR ,2377,0,1987
 CARVÃO METALÚRGICO ,636,7146,1987
 URÂNIO U3O8 ,1151,0,1987
 ENERGIA HIDRÁULICA ,15962,0,1987
 LENHA ,32777,0,1987
 PRODUTOS DA CANA ,20772,0,1987
 OUTRAS FONTES PRIMÁRIAS ,1871,0,1987
 ENERGIA PRIMÁRIA TOTAL ,110388,38956,1987
 ÓLEO DIESEL ,0,503,1987
 ÓLEO COMBUSTIVEL ,0,861,1987
 GASOLINA ,0,8,1987
 GLP ,0,856,1987
 NAFTA ,0,34,1987
 QUEROSENE ,0,0,1987
 GÁS DE CIDADE E DE COQUERIA ,0,0,1987
 COQUE DE CARVÃO MINERAL ,0,499,1987
 URÂNIO CONTIDO NO UO2,0,0,1987
 ELETRICIDADE,0,1446,1987
 CARVÃO VEGETAL ,0,0,1987
 ÁLCOOL ETÍLICO ANIDRO E HIDRATADO ,0,0,1987
 OUTRAS SECUNDÁRIAS DE PETRÓLEO ,0,0,1987
 PRODUTOS NÃO ENERGÉTICOS DE PETRÓLEO ,0,67,1987
 ALCATRÃO ,0,0,1987
 ENERGIA SECUNDÁRIA TOTAL ,0,4275,1987
 TOTAL  ,110388,43231,1987
 PETRÓLEO ,29433,30915,1986
 GÁS NATURAL ,5644,0,1986
 CARVÃO VAPOR ,2491,0,1986
 CARVÃO METALÚRGICO ,854,6245,1986
 URÂNIO U3O8 ,365,0,1986
 ENERGIA HIDRÁULICA ,15688,0,1986
 LENHA ,32766,0,1986
 PRODUTOS DA CANA ,17257,0,1986
 OUTRAS FONTES PRIMÁRIAS ,1777,0,1986
 ENERGIA PRIMÁRIA TOTAL ,106274,37160,1986
 ÓLEO DIESEL ,0,712,1986
 ÓLEO COMBUSTIVEL ,0,355,1986
 GASOLINA ,0,101,1986
 GLP ,0,672,1986
 NAFTA ,0,3,1986
 QUEROSENE ,0,38,1986
 GÁS DE CIDADE E DE COQUERIA ,0,0,1986
 COQUE DE CARVÃO MINERAL ,0,64,1986
 URÂNIO CONTIDO NO UO2,0,0,1986
 ELETRICIDADE,0,886,1986
 CARVÃO VEGETAL ,0,0,1986
 ÁLCOOL ETÍLICO ANIDRO E HIDRATADO ,0,0,1986
 OUTRAS SECUNDÁRIAS DE PETRÓLEO ,0,13,1986
 PRODUTOS NÃO ENERGÉTICOS DE PETRÓLEO ,0,56,1986
 ALCATRÃO ,0,0,1986
 ENERGIA SECUNDÁRIA TOTAL ,0,2899,1986
 TOTAL  ,106274,40059,1986
 PETRÓLEO ,28080,28008,1985
 GÁS NATURAL ,5427,0,1985
 CARVÃO VAPOR ,2620,0,1985
 CARVÃO METALÚRGICO ,903,5954,1985
 URÂNIO U3O8 ,1011,0,1985
 ENERGIA HIDRÁULICA ,15340,0,1985
 LENHA ,32925,0,1985
 PRODUTOS DA CANA ,19108,0,1985
 OUTRAS FONTES PRIMÁRIAS ,1589,0,1985
 ENERGIA PRIMÁRIA TOTAL ,107002,33962,1985
 ÓLEO DIESEL ,0,371,1985
 ÓLEO COMBUSTIVEL ,0,224,1985
 GASOLINA ,0,167,1985
 GLP ,0,541,1985
 NAFTA ,0,34,1985
 QUEROSENE ,0,38,1985
 GÁS DE CIDADE E DE COQUERIA ,0,0,1985
 COQUE DE CARVÃO MINERAL ,0,67,1985
 URÂNIO CONTIDO NO UO2,0,0,1985
 ELETRICIDADE,0,165,1985
 CARVÃO VEGETAL ,0,0,1985
 ÁLCOOL ETÍLICO ANIDRO E HIDRATADO ,0,0,1985
 OUTRAS SECUNDÁRIAS DE PETRÓLEO ,0,72,1985
 PRODUTOS NÃO ENERGÉTICOS DE PETRÓLEO ,0,138,1985
 ALCATRÃO ,0,0,1985
 ENERGIA SECUNDÁRIA TOTAL ,0,1818,1985
 TOTAL  ,107002,35779,1985
 PETRÓLEO ,23712,33387,1984
 GÁS NATURAL ,4866,0,1984
 CARVÃO VAPOR ,2657,0,1984
 CARVÃO METALÚRGICO ,836,5604,1984
 URÂNIO U3O8 ,1399,0,1984
 ENERGIA HIDRÁULICA ,14327,0,1984
 LENHA ,33340,0,1984
 PRODUTOS DA CANA ,16793,0,1984
 OUTRAS FONTES PRIMÁRIAS ,1429,0,1984
 ENERGIA PRIMÁRIA TOTAL ,99358,38991,1984
 ÓLEO DIESEL ,0,2,1984
 ÓLEO COMBUSTIVEL ,0,130,1984
 GASOLINA ,0,63,1984
 GLP ,0,276,1984
 NAFTA ,0,4,1984
 QUEROSENE ,0,0,1984
 GÁS DE CIDADE E DE COQUERIA ,0,0,1984
 COQUE DE CARVÃO MINERAL ,0,41,1984
 URÂNIO CONTIDO NO UO2,0,0,1984
 ELETRICIDADE,0,1,1984
 CARVÃO VEGETAL ,0,0,1984
 ÁLCOOL ETÍLICO ANIDRO E HIDRATADO ,0,0,1984
 OUTRAS SECUNDÁRIAS DE PETRÓLEO ,0,87,1984
 PRODUTOS NÃO ENERGÉTICOS DE PETRÓLEO ,0,57,1984
 ALCATRÃO ,0,0,1984
 ENERGIA SECUNDÁRIA TOTAL ,0,660,1984
 TOTAL  ,99358,39652,1984
 PETRÓLEO ,16911,37389,1983
 GÁS NATURAL ,3983,0,1983
 CARVÃO VAPOR ,2355,0,1983
 CARVÃO METALÚRGICO ,751,4038,1983
 URÂNIO U3O8 ,2312,0,1983
 ENERGIA HIDRÁULICA ,13027,0,1983
 LENHA ,30233,0,1983
 PRODUTOS DA CANA ,15455,0,1983
 OUTRAS FONTES PRIMÁRIAS ,1197,0,1983
 ENERGIA PRIMÁRIA TOTAL ,86224,41428,1983
 ÓLEO DIESEL ,0,234,1983
 ÓLEO COMBUSTIVEL ,0,400,1983
 GASOLINA ,0,67,1983
 GLP ,0,541,1983
 NAFTA ,0,4,1983
 QUEROSENE ,0,0,1983
 GÁS DE CIDADE E DE COQUERIA ,0,0,1983
 COQUE DE CARVÃO MINERAL ,0,154,1983
 URÂNIO CONTIDO NO UO2,0,0,1983
 ELETRICIDADE,0,0,1983
 CARVÃO VEGETAL ,0,0,1983
 ÁLCOOL ETÍLICO ANIDRO E HIDRATADO ,0,0,1983
 OUTRAS SECUNDÁRIAS DE PETRÓLEO ,0,10,1983
 PRODUTOS NÃO ENERGÉTICOS DE PETRÓLEO ,0,90,1983
 ALCATRÃO ,0,0,1983
 ENERGIA SECUNDÁRIA TOTAL ,0,1500,1983
 TOTAL  ,86224,42928,1983
 PETRÓLEO ,13338,40944,1982
 GÁS NATURAL ,3008,0,1982
 CARVÃO VAPOR ,2194,0,1982
 CARVÃO METALÚRGICO ,731,3033,1982
 URÂNIO U3O8 ,2900,0,1982
 ENERGIA HIDRÁULICA ,12137,0,1982
 LENHA ,29109,0,1982
 PRODUTOS DA CANA ,12140,0,1982
 OUTRAS FONTES PRIMÁRIAS ,1170,0,1982
 ENERGIA PRIMÁRIA TOTAL ,76726,43977,1982
 ÓLEO DIESEL ,0,207,1982
 ÓLEO COMBUSTIVEL ,0,2067,1982
 GASOLINA ,0,67,1982
 GLP ,0,853,1982
 NAFTA ,0,1,1982
 QUEROSENE ,0,0,1982
 GÁS DE CIDADE E DE COQUERIA ,0,0,1982
 COQUE DE CARVÃO MINERAL ,0,80,1982
 URÂNIO CONTIDO NO UO2,0,3481,1982
 ELETRICIDADE,0,0,1982
 CARVÃO VEGETAL ,0,0,1982
 ÁLCOOL ETÍLICO ANIDRO E HIDRATADO ,0,0,1982
 OUTRAS SECUNDÁRIAS DE PETRÓLEO ,0,287,1982
 PRODUTOS NÃO ENERGÉTICOS DE PETRÓLEO ,0,98,1982
 ALCATRÃO ,0,0,1982
 ENERGIA SECUNDÁRIA TOTAL ,0,7142,1982
 TOTAL  ,76726,51118,1982
 PETRÓLEO ,10928,43263,1981
 GÁS NATURAL ,2457,0,1981
 CARVÃO VAPOR ,1922,0,1981
 CARVÃO METALÚRGICO ,726,3154,1981
 URÂNIO U3O8 ,0,0,1981
 ENERGIA HIDRÁULICA ,11246,0,1981
 LENHA ,30415,0,1981
 PRODUTOS DA CANA ,10196,0,1981
 OUTRAS FONTES PRIMÁRIAS ,1094,0,1981
 ENERGIA PRIMÁRIA TOTAL ,68985,46417,1981
 ÓLEO DIESEL ,0,783,1981
 ÓLEO COMBUSTIVEL ,0,186,1981
 GASOLINA ,0,69,1981
 GLP ,0,143,1981
 NAFTA ,0,0,1981
 QUEROSENE ,0,0,1981
 GÁS DE CIDADE E DE COQUERIA ,0,0,1981
 COQUE DE CARVÃO MINERAL ,0,191,1981
 URÂNIO CONTIDO NO UO2,0,0,1981
 ELETRICIDADE,0,0,1981
 CARVÃO VEGETAL ,0,0,1981
 ÁLCOOL ETÍLICO ANIDRO E HIDRATADO ,0,0,1981
 OUTRAS SECUNDÁRIAS DE PETRÓLEO ,0,61,1981
 PRODUTOS NÃO ENERGÉTICOS DE PETRÓLEO ,0,98,1981
 ALCATRÃO ,0,0,1981
 ENERGIA SECUNDÁRIA TOTAL ,0,1530,1981
 TOTAL  ,76726,51118,1981
 PETRÓLEO ,9256,44311,1980
 GÁS NATURAL ,2189,0,1980
 CARVÃO VAPOR ,1493,0,1980
 CARVÃO METALÚRGICO ,991,3340,1980
 URÂNIO U3O8 ,0,0,1980
 ENERGIA HIDRÁULICA ,11086,0,1980
 LENHA ,31083,0,1980
 PRODUTOS DA CANA ,9301,0,1980
 OUTRAS FONTES PRIMÁRIAS ,1010,0,1980
 ENERGIA PRIMÁRIA TOTAL ,66409,47651,1980
 ÓLEO DIESEL ,0,581,1980
 ÓLEO COMBUSTIVEL ,0,1133,1980
 GASOLINA ,0,80,1980
 GLP ,0,144,1980
 NAFTA ,0,1,1980
 QUEROSENE ,0,0,1980
 GÁS DE CIDADE E DE COQUERIA ,0,0,1980
 COQUE DE CARVÃO MINERAL ,0,363,1980
 URÂNIO CONTIDO NO UO2,0,0,1980
 ELETRICIDADE,0,0,1980
 CARVÃO VEGETAL ,0,0,1980
 ÁLCOOL ETÍLICO ANIDRO E HIDRATADO ,0,0,1980
 OUTRAS SECUNDÁRIAS DE PETRÓLEO ,0,123,1980
 PRODUTOS NÃO ENERGÉTICOS DE PETRÓLEO ,0,237,1980
 ALCATRÃO ,0,0,1980
 ENERGIA SECUNDÁRIA TOTAL ,0,2662,1980
 TOTAL  ,66409,50313,1980
 PETRÓLEO ,8419,51000,1979
 GÁS NATURAL ,1885,0,1979
 CARVÃO VAPOR ,1404,0,1979
 CARVÃO METALÚRGICO ,923,3146,1979
 URÂNIO U3O8 ,0,0,1979
 ENERGIA HIDRÁULICA ,10026,0,1979
 LENHA ,30375,0,1979
 PRODUTOS DA CANA ,8254,0,1979
 OUTRAS FONTES PRIMÁRIAS ,822,0,1979
 ENERGIA PRIMÁRIA TOTAL ,62107,54146,1979
 ÓLEO DIESEL ,0,141,1979
 ÓLEO COMBUSTIVEL ,0,227,1979
 GASOLINA ,0,126,1979
 GLP ,0,85,1979
 NAFTA ,0,1,1979
 QUEROSENE ,0,0,1979
 GÁS DE CIDADE E DE COQUERIA ,0,0,1979
 COQUE DE CARVÃO MINERAL ,0,226,1979
 URÂNIO CONTIDO NO UO2,0,0,1979
 ELETRICIDADE,0,7,1979
 CARVÃO VEGETAL ,0,0,1979
 ÁLCOOL ETÍLICO ANIDRO E HIDRATADO ,0,0,1979
 OUTRAS SECUNDÁRIAS DE PETRÓLEO ,0,135,1979
 PRODUTOS NÃO ENERGÉTICOS DE PETRÓLEO ,0,280,1979
 ALCATRÃO ,0,0,1979
 ENERGIA SECUNDÁRIA TOTAL ,0,1229,1979
 TOTAL  ,62107,55375,1979
 PETRÓLEO ,8154,45811,1978
 GÁS NATURAL ,1919,0,1978
 CARVÃO VAPOR ,1250,0,1978
 CARVÃO METALÚRGICO ,845,2624,1978
 URÂNIO U3O8 ,0,0,1978
 ENERGIA HIDRÁULICA ,8836,0,1978
 LENHA ,29794,0,1978
 PRODUTOS DA CANA ,7322,0,1978
 OUTRAS FONTES PRIMÁRIAS ,561,0,1978
 ENERGIA PRIMÁRIA TOTAL ,58681,48434,1978
 ÓLEO DIESEL ,0,74,1978
 ÓLEO COMBUSTIVEL ,0,165,1978
 GASOLINA ,0,73,1978
 GLP ,0,71,1978
 NAFTA ,0,0,1978
 QUEROSENE ,0,5,1978
 GÁS DE CIDADE E DE COQUERIA ,0,0,1978
 COQUE DE CARVÃO MINERAL ,0,331,1978
 URÂNIO CONTIDO NO UO2,0,0,1978
 ELETRICIDADE,0,5,1978
 CARVÃO VEGETAL ,0,0,1978
 ÁLCOOL ETÍLICO ANIDRO E HIDRATADO ,0,0,1978
 OUTRAS SECUNDÁRIAS DE PETRÓLEO ,0,120,1978
 PRODUTOS NÃO ENERGÉTICOS DE PETRÓLEO ,0,332,1978
 ALCATRÃO ,0,0,1978
 ENERGIA SECUNDÁRIA TOTAL ,0,1176,1978
 TOTAL  ,58681,49611,1978
 PETRÓLEO ,8177,41477,1977
 GÁS NATURAL ,1795,0,1977
 CARVÃO VAPOR ,1095,0,1977
 CARVÃO METALÚRGICO ,769,2829,1977
 URÂNIO U3O8 ,0,0,1977
 ENERGIA HIDRÁULICA ,8039,0,1977
 LENHA ,30822,0,1977
 PRODUTOS DA CANA ,6539,0,1977
 OUTRAS FONTES PRIMÁRIAS ,470,0,1977
 ENERGIA PRIMÁRIA TOTAL ,57707,44306,1977
 ÓLEO DIESEL ,0,65,1977
 ÓLEO COMBUSTIVEL ,0,537,1977
 GASOLINA ,0,74,1977
 GLP ,0,191,1977
 NAFTA ,0,0,1977
 QUEROSENE ,0,0,1977
 GÁS DE CIDADE E DE COQUERIA ,0,0,1977
 COQUE DE CARVÃO MINERAL ,0,101,1977
 URÂNIO CONTIDO NO UO2,0,0,1977
 ELETRICIDADE,0,2,1977
 CARVÃO VEGETAL ,0,0,1977
 ÁLCOOL ETÍLICO ANIDRO E HIDRATADO ,0,0,1977
 OUTRAS SECUNDÁRIAS DE PETRÓLEO ,0,0,1977
 PRODUTOS NÃO ENERGÉTICOS DE PETRÓLEO ,0,307,1977
 ALCATRÃO ,0,0,1977
 ENERGIA SECUNDÁRIA TOTAL ,0,1276,1977
 TOTAL  ,57707,45582,1977
 PETRÓLEO ,8473,41767,1976
 GÁS NATURAL ,1630,0,1976
 CARVÃO VAPOR ,951,0,1976
 CARVÃO METALÚRGICO ,643,2192,1976
 URÂNIO U3O8 ,0,0,1976
 ENERGIA HIDRÁULICA ,7131,0,1976
 LENHA ,31882,0,1976
 PRODUTOS DA CANA ,4748,0,1976
 OUTRAS FONTES PRIMÁRIAS ,412,0,1976
 ENERGIA PRIMÁRIA TOTAL ,55869,43960,1976
 ÓLEO DIESEL ,0,153,1976
 ÓLEO COMBUSTIVEL ,0,766,1976
 GASOLINA ,0,83,1976
 GLP ,0,152,1976
 NAFTA ,0,0,1976
 QUEROSENE ,0,0,1976
 GÁS DE CIDADE E DE COQUERIA ,0,0,1976
 COQUE DE CARVÃO MINERAL ,0,85,1976
 URÂNIO CONTIDO NO UO2,0,0,1976
 ELETRICIDADE,0,6,1976
 CARVÃO VEGETAL ,0,0,1976
 ÁLCOOL ETÍLICO ANIDRO E HIDRATADO ,0,0,1976
 OUTRAS SECUNDÁRIAS DE PETRÓLEO ,0,0,1976
 PRODUTOS NÃO ENERGÉTICOS DE PETRÓLEO ,0,378,1976
 ALCATRÃO ,0,0,1976
 ENERGIA SECUNDÁRIA TOTAL ,0,1624,1976
 TOTAL  ,55869,45584,1976
 PETRÓLEO ,8727,36528,1975
 GÁS NATURAL ,1613,0,1975
 CARVÃO VAPOR ,743,0,1975
 CARVÃO METALÚRGICO ,558,2066,1975
 URÂNIO U3O8 ,0,0,1975
 ENERGIA HIDRÁULICA ,6217,0,1975
 LENHA ,33154,0,1975
 PRODUTOS DA CANA ,4180,0,1975
 OUTRAS FONTES PRIMÁRIAS ,363,0,1975
 ENERGIA PRIMÁRIA TOTAL ,55554,38594,1975
 ÓLEO DIESEL ,0,86,1975
 ÓLEO COMBUSTIVEL ,0,23,1975
 GASOLINA ,0,66,1975
 GLP ,0,34,1975
 NAFTA ,0,0,1975
 QUEROSENE ,0,0,1975
 GÁS DE CIDADE E DE COQUERIA ,0,0,1975
 COQUE DE CARVÃO MINERAL ,0,120,1975
 URÂNIO CONTIDO NO UO2,0,0,1975
 ELETRICIDADE,0,7,1975
 CARVÃO VEGETAL ,0,0,1975
 ÁLCOOL ETÍLICO ANIDRO E HIDRATADO ,0,0,1975
 OUTRAS SECUNDÁRIAS DE PETRÓLEO ,0,0,1975
 PRODUTOS NÃO ENERGÉTICOS DE PETRÓLEO ,0,313,1975
 ALCATRÃO ,0,0,1975
 ENERGIA SECUNDÁRIA TOTAL ,0,648,1975
 TOTAL  ,55554,39243,1975
 PETRÓLEO ,8969,35077,1974
 GÁS NATURAL ,1477,0,1974
 CARVÃO VAPOR ,830,0,1974
 CARVÃO METALÚRGICO ,730,1291,1974
 URÂNIO U3O8 ,0,0,1974
 ENERGIA HIDRÁULICA ,5648,0,1974
 LENHA ,32599,0,1974
 PRODUTOS DA CANA ,4619,0,1974
 OUTRAS FONTES PRIMÁRIAS ,349,0,1974
 ENERGIA PRIMÁRIA TOTAL ,55221,36368,1974
 ÓLEO DIESEL ,0,60,1974
 ÓLEO COMBUSTIVEL ,0,69,1974
 GASOLINA ,0,619,1974
 GLP ,0,243,1974
 NAFTA ,0,0,1974
 QUEROSENE ,0,0,1974
 GÁS DE CIDADE E DE COQUERIA ,0,0,1974
 COQUE DE CARVÃO MINERAL ,0,143,1974
 URÂNIO CONTIDO NO UO2,0,0,1974
 ELETRICIDADE,0,5,1974
 CARVÃO VEGETAL ,0,0,1974
 ÁLCOOL ETÍLICO ANIDRO E HIDRATADO ,0,0,1974
 OUTRAS SECUNDÁRIAS DE PETRÓLEO ,0,0,1974
 PRODUTOS NÃO ENERGÉTICOS DE PETRÓLEO ,0,529,1974
 ALCATRÃO ,0,0,1974
 ENERGIA SECUNDÁRIA TOTAL ,0,1668,1974
 TOTAL  ,55221,38036,1974
 PETRÓLEO ,8453,35000,1973
 GÁS NATURAL ,1171,0,1973
 CARVÃO VAPOR ,600,0,1973
 CARVÃO METALÚRGICO ,529,1317,1973
 URÂNIO U3O8 ,0,0,1973
 ENERGIA HIDRÁULICA ,4979,0,1973
 LENHA ,31897,0,1973
 PRODUTOS DA CANA ,4644,0,1973
 OUTRAS FONTES PRIMÁRIAS ,311,0,1973
 ENERGIA PRIMÁRIA TOTAL ,52585,36317,1973
 ÓLEO DIESEL ,0,214,1973
 ÓLEO COMBUSTIVEL ,0,339,1973
 GASOLINA ,0,320,1973
 GLP ,0,182,1973
 NAFTA ,0,0,1973
 QUEROSENE ,0,46,1973
 GÁS DE CIDADE E DE COQUERIA ,0,0,1973
 COQUE DE CARVÃO MINERAL ,0,96,1973
 URÂNIO CONTIDO NO UO2,0,0,1973
 ELETRICIDADE,0,1,1973
 CARVÃO VEGETAL ,0,0,1973
 ÁLCOOL ETÍLICO ANIDRO E HIDRATADO ,0,0,1973
 OUTRAS SECUNDÁRIAS DE PETRÓLEO ,0,0,1973
 PRODUTOS NÃO ENERGÉTICOS DE PETRÓLEO ,0,471,1973
 ALCATRÃO ,0,0,1973
 ENERGIA SECUNDÁRIA TOTAL ,0,1669,1973
 TOTAL  ,52585,37985,1973
 PETRÓLEO ,8313,25706,1972
 GÁS NATURAL ,1232,0,1972
 CARVÃO VAPOR ,657,0,1972
 CARVÃO METALÚRGICO ,537,1374,1972
 URÂNIO U3O8 ,0,0,1972
 ENERGIA HIDRÁULICA ,4359,0,1972
 LENHA ,32143,0,1972
 PRODUTOS DA CANA ,4298,0,1972
 OUTRAS FONTES PRIMÁRIAS ,301,0,1972
 ENERGIA PRIMÁRIA TOTAL ,51841,27080,1972
 ÓLEO DIESEL ,0,0,1972
 ÓLEO COMBUSTIVEL ,0,80,1972
 GASOLINA ,0,136,1972
 GLP ,0,458,1972
 NAFTA ,0,0,1972
 QUEROSENE ,0,25,1972
 GÁS DE CIDADE E DE COQUERIA ,0,0,1972
 COQUE DE CARVÃO MINERAL ,0,127,1972
 URÂNIO CONTIDO NO UO2,0,0,1972
 ELETRICIDADE,0,0,1972
 CARVÃO VEGETAL ,0,0,1972
 ÁLCOOL ETÍLICO ANIDRO E HIDRATADO ,0,0,1972
 OUTRAS SECUNDÁRIAS DE PETRÓLEO ,0,0,1972
 PRODUTOS NÃO ENERGÉTICOS DE PETRÓLEO ,0,471,1972
 ALCATRÃO ,0,0,1972
 ENERGIA SECUNDÁRIA TOTAL ,0,1296,1972
 TOTAL  ,51841,28376,1972
 PETRÓLEO ,8521,20435,1971
 GÁS NATURAL ,1169,0,1971
 CARVÃO VAPOR ,654,0,1971
 CARVÃO METALÚRGICO ,533,1237,1971
 URÂNIO U3O8 ,0,0,1971
 ENERGIA HIDRÁULICA ,3715,0,1971
 LENHA ,31807,0,1971
 PRODUTOS DA CANA ,3842,0,1971
 OUTRAS FONTES PRIMÁRIAS ,233,0,1971
 ENERGIA PRIMÁRIA TOTAL ,50474,21671,1971
 ÓLEO DIESEL ,0,192,1971
 ÓLEO COMBUSTIVEL ,0,411,1971
 GASOLINA ,0,90,1971
 GLP ,0,431,1971
 NAFTA ,0,0,1971
 QUEROSENE ,0,20,1971
 GÁS DE CIDADE E DE COQUERIA ,0,0,1971
 COQUE DE CARVÃO MINERAL ,0,82,1971
 URÂNIO CONTIDO NO UO2,0,0,1971
 ELETRICIDADE,0,0,1971
 CARVÃO VEGETAL ,0,0,1971
 ÁLCOOL ETÍLICO ANIDRO E HIDRATADO ,0,0,1971
 OUTRAS SECUNDÁRIAS DE PETRÓLEO ,0,0,1971
 PRODUTOS NÃO ENERGÉTICOS DE PETRÓLEO ,0,438,1971
 ALCATRÃO ,0,0,1971
 ENERGIA SECUNDÁRIA TOTAL ,0,1664,1971
 TOTAL  ,50474,23336,1971
 PETRÓLEO ,8161,17845,1970
 GÁS NATURAL ,1255,0,1970
 CARVÃO VAPOR ,611,0,1970
 CARVÃO METALÚRGICO ,504,1454,1970
 URÂNIO U3O8 ,0,0,1970
 ENERGIA HIDRÁULICA ,3423,0,1970
 LENHA ,31852,0,1970
 PRODUTOS DA CANA ,3601,0,1970
 OUTRAS FONTES PRIMÁRIAS ,223,0,1970
 ENERGIA PRIMÁRIA TOTAL ,49629,19299,1970
 ÓLEO DIESEL ,0,0,1970
 ÓLEO COMBUSTIVEL ,0,0,1970
 GASOLINA ,0,78,1970
 GLP ,0,415,1970
 NAFTA ,0,0,1970
 QUEROSENE ,0,8,1970
 GÁS DE CIDADE E DE COQUERIA ,0,0,1970
 COQUE DE CARVÃO MINERAL ,0,72,1970
 URÂNIO CONTIDO NO UO2,0,0,1970
 ELETRICIDADE,0,0,1970
 CARVÃO VEGETAL ,0,0,1970
 ÁLCOOL ETÍLICO ANIDRO E HIDRATADO ,0,0,1970
 OUTRAS SECUNDÁRIAS DE PETRÓLEO ,0,0,1970
 PRODUTOS NÃO ENERGÉTICOS DE PETRÓLEO ,0,369,1970
 ALCATRÃO ,0,0,1970
 ENERGIA SECUNDÁRIA TOTAL ,0,943,1970
 TOTAL  ,49629,20242,1970
