9830,BANCO REGIONAL DE DESENVOLVIMENTO DO EXTREMO SUL,**.*16.560/0001-**, PR,MARECHAL CANDIDO RONDON,4114609,2002-03-18T00:00:00,10000,10000,RECURSOS VINCULADOS - FAT DEPÓSITOS ESPECIAIS,TAXA FIXA,4.0,0,72,REEMBOLSÁVEL,INDIRETA,BNDES AUTOMÁTICO,PRONAF INVESTIMENTO,NÃO,AREA DE OPERACOES E CANAIS DIGITAIS,AGROPECUÁRIA E PESCA,Agropecuária,A0100000,"AGRICULTURA, PECUARIA E SERVICOS RELACIONADOS",AGROPECUÁRIA,AGROPECUÁRIA,MICRO,PRIVADA,BANCO REGIONAL DE DESENVOLVIMENTO DO EXTREMO SUL,92.816.560.0001-37,LIQUIDADA
9831,MAIS INDUSTRIA DE ALIMENTOS LTDA,**.*05.454/0001-**, ES,LINHARES,3203205,2002-03-19T00:00:00,64831,64831,RECURSOS LIVRES - FAT,TJLP,4.0,18,42,REEMBOLSÁVEL,INDIRETA,BNDES FINAME,OUTROS,NÃO,AREA DE OPERACOES E CANAIS DIGITAIS,INDUSTRIA DE TRANSFORMAÇÃO,Produtos Alimentícios,C1052000,FABRICACAO DE LATICINIOS,INDUSTRIA,ALIMENTO E BEBIDA,MÉDIA,PRIVADA,MASSA FALIDA DO BANCO BVA S.A.,32.254.138.0001-03,LIQUIDADA
9832,MARAPONGA TRANSPORTE LTDA,**.*66.198/0001-**, CE,FORTALEZA,2304400,2002-03-19T00:00:00,75899,75899,RECURSOS LIVRES - PRÓPRIOS,TAXA FIXA,8.96,0,36,REEMBOLSÁVEL,INDIRETA,BNDES FINAME LEASING,OUTROS,NÃO,AREA DE OPERACOES E CANAIS DIGITAIS,COMERCIO E SERVICOS,Transporte terrestre,H4921300,TRANSP RODOV COL PASSAG C/ITINERARIO FXO MUN E RG METROPOLITANA,INFRA-ESTRUTURA,TRANSPORTE RODOVIÁRIO,PEQUENA,PRIVADA,DIBENS LEASING S/A - ARRENDAMENTO MERCANTIL,65.654.303.0001-73,LIQUIDADA
9833,MARCOLINO CONSTRUÇOES LTDA.,**.*38.229/0001-**, PB,JOAO PESSOA,2507507,2002-03-19T00:00:00,135000,135000,RECURSOS LIVRES - PRÓPRIOS,TJLP,5.0,3,33,REEMBOLSÁVEL,INDIRETA,BNDES FINAME,OUTROS,NÃO,AREA DE OPERACOES E CANAIS DIGITAIS,COMERCIO E SERVICOS,Construção,F4120400,CONSTRUCAO DE EDIFICIOS,COMERCIO/SERVICOS,COMÉRCIO E SERVIÇOS,PEQUENA,PRIVADA,BANCO VOLVO (BRASIL) S.A,58.017.179.0001-70,LIQUIDADA
9834,MASTER TRANSP COLET DE PASSAGEIROS LTDA,**.*10.299/0001-**, RJ,SAO JOAO DE MERITI,3305109,2002-03-19T00:00:00,248400,248400,RECURSOS LIVRES - PRÓPRIOS,TAXA FIXA,7.05,0,24,REEMBOLSÁVEL,INDIRETA,BNDES FINAME LEASING,OUTROS,NÃO,AREA DE OPERACOES E CANAIS DIGITAIS,COMERCIO E SERVICOS,Transporte terrestre,H4921300,TRANSP RODOV COL PASSAG C/ITINERARIO FXO MUN E RG METROPOLITANA,INFRA-ESTRUTURA,TRANSPORTE RODOVIÁRIO,MÉDIA,PRIVADA,BRADESCO LEASING S.A. - ARRENDAMENTO MERCANTIL,47.509.120.0001-82,LIQUIDADA
9875,TRANCIM TRANSPORTES LTDA,**.*51.325/0001-**, SC,TUBARAO,4218707,2002-03-19T00:00:00,160800,160800,RECURSOS LIVRES - ORGANISMOS,TJLP,5.0,12,48,REEMBOLSÁVEL,INDIRETA,BNDES AUTOMÁTICO,OUTROS,NÃO,AREA DE OPERACOES E CANAIS DIGITAIS,INDUSTRIA DE TRANSFORMAÇÃO,Mineral não metálico,C2320600,FABRICACAO DE CIMENTO,INDUSTRIA,OUTRAS,PEQUENA,PRIVADA,BANCO DO BRASIL SA,00.000.000.0001-91,LIQUIDADA
9835,MASTER TRANSP COLET DE PASSAGEIROS LTDA,**.*10.299/0001-**, RJ,SAO JOAO DE MERITI,3305109,2002-03-19T00:00:00,286800,286800,RECURSOS LIVRES - PRÓPRIOS,TAXA FIXA,7.05,0,24,REEMBOLSÁVEL,INDIRETA,BNDES FINAME LEASING,OUTROS,NÃO,AREA DE OPERACOES E CANAIS DIGITAIS,COMERCIO E SERVICOS,Transporte terrestre,H4921300,TRANSP RODOV COL PASSAG C/ITINERARIO FXO MUN E RG METROPOLITANA,INFRA-ESTRUTURA,TRANSPORTE RODOVIÁRIO,MÉDIA,PRIVADA,BRADESCO LEASING S.A. - ARRENDAMENTO MERCANTIL,47.509.120.0001-82,LIQUIDADA
9836,MOINHO DO NORDESTE S/A,**.*74.817/0001-**, PR,PINHAIS,4119152,2002-03-19T00:00:00,52200,52200,RECURSOS LIVRES - FAT,TJLP,7.0,6,30,REEMBOLSÁVEL,INDIRETA,BNDES AUTOMÁTICO,OUTROS,NÃO,AREA DE OPERACOES E CANAIS DIGITAIS,INDUSTRIA DE TRANSFORMAÇÃO,Produtos Alimentícios,C1062700,MOAGEM DE TRIGO E FABRICACAO DE DERIVADOS,INDUSTRIA,ALIMENTO E BEBIDA,GRANDE,PRIVADA,BANCO SANTANDER (BRASIL) S.A.,90.400.888.0001-42,LIQUIDADA
9837,MINERACAO OURO VERDE LTDA,**.*86.829/0001-**, ES,BAIXO GUANDU,3200805,2002-03-19T00:00:00,138600,138600,RECURSOS LIVRES - PRÓPRIOS,TJLP,7.0,0,36,REEMBOLSÁVEL,INDIRETA,BNDES FINAME,OUTROS,NÃO,AREA DE OPERACOES E CANAIS DIGITAIS,AGROPECUÁRIA E PESCA,Agropecuária,A0161000,ATIVIDADES DE APOIO A AGRICULTURA,AGROPECUÁRIA,AGROPECUÁRIA,PEQUENA,PRIVADA,BANCO BRADESCO S.A.,60.746.948.0001-12,LIQUIDADA
9838,PANIFICADORA DENCK LTDA,**.*46.848/0001-**, PR,PONTA GROSSA,4119905,2002-03-19T00:00:00,35000,35000,RECURSOS LIVRES - PRÓPRIOS,TJLP,7.0,6,54,REEMBOLSÁVEL,INDIRETA,BNDES FINAME,OUTROS,NÃO,AREA DE OPERACOES E CANAIS DIGITAIS,INDUSTRIA DE TRANSFORMAÇÃO,Produtos Alimentícios,C1091100,FABRICACAO DE PRODUTOS DE PANIFICACAO,INDUSTRIA,ALIMENTO E BEBIDA,MICRO,PRIVADA,ITAU UNIBANCO S.A.,60.701.190.0001-04,LIQUIDADA
9839,LUZ FORTE CONSTRUCOES ELETRICAS LTDA,**.*73.118/0001-**, MG,PASSOS,3147907,2002-03-19T00:00:00,1710,1710,RECURSOS LIVRES - PRÓPRIOS,TJLP,5.2,3,33,REEMBOLSÁVEL,INDIRETA,BNDES FINAME,OUTROS,NÃO,AREA DE OPERACOES E CANAIS DIGITAIS,COMERCIO E SERVICOS,Eletricidade e gás,D3510000,"GERACAO, TRANSMISSAO E DISTRIBUICAO DE ENERGIA ELETRICA",INFRA-ESTRUTURA,ENERGIA ELÉTRICA,PEQUENA,PRIVADA,BANCO MERCANTIL DO BRASIL SA,17.184.037.0001-10,LIQUIDADA
9840,NOVO SUL INDUSTRIA DE ARTEFATOS DE BORRACHA LTDA,**.*04.057/0001-**, RS,NOVO HAMBURGO,4313409,2002-03-19T00:00:00,92610,92610,RECURSOS LIVRES - PRÓPRIOS,TJLP,5.0,6,18,REEMBOLSÁVEL,INDIRETA,BNDES FINAME,OUTROS,NÃO,AREA DE OPERACOES E CANAIS DIGITAIS,INDUSTRIA DE TRANSFORMAÇÃO,Borracha e plástico,C2219600,FAB DE ARTEFATOS DE BORRACHA NAO ESPECIFICADOS ANTERIORMENTE,INDUSTRIA,OUTRAS,PEQUENA,PRIVADA,BANCO BRADESCO S.A.,60.746.948.0001-12,LIQUIDADA
9841,OSNY JACINTO BERTOLDI,**.*73.563/0001-**, SC,CAMBORIU,4203204,2002-03-19T00:00:00,40000,40000,RECURSOS LIVRES - PRÓPRIOS,TJLP,6.0,3,27,REEMBOLSÁVEL,INDIRETA,BNDES FINAME,OUTROS,NÃO,AREA DE OPERACOES E CANAIS DIGITAIS,COMERCIO E SERVICOS,Transporte terrestre,H4930202,TRANSP ROD CARGA EXC PROD PERIG MUDANCA INTER-MUN-EST-NACIONAL,INFRA-ESTRUTURA,TRANSPORTE RODOVIÁRIO,MICRO,PRIVADA,ITAU UNIBANCO S.A.,60.701.190.0001-04,LIQUIDADA
9842,MINERACAO DUCAL INDUSTRIA E COMERCIO LTDA,**.*23.490/0001-**, MG,PAINS,3146503,2002-03-19T00:00:00,192500,192500,RECURSOS LIVRES - PRÓPRIOS,TJLP,4.5,6,36,REEMBOLSÁVEL,INDIRETA,BNDES FINAME,OUTROS,NÃO,AREA DE OPERACOES E CANAIS DIGITAIS,INDUSTRIA EXTRATIVA,Indústria Extrativa,B0810000,"EXTRACAO DE PEDRA, AREIA E ARGILA",INDUSTRIA,EXTRATIVA,MICRO,PRIVADA,BANCO BRADESCO S.A.,60.746.948.0001-12,LIQUIDADA
9843,LUCIMAR PRODUTOS ALIMENTICIOS LTDA,**.*53.940/0001-**, SP,JAU,3525300,2002-03-19T00:00:00,45900,45900,RECURSOS LIVRES - PRÓPRIOS,TJLP,7.5,0,48,REEMBOLSÁVEL,INDIRETA,BNDES FINAME,OUTROS,NÃO,AREA DE OPERACOES E CANAIS DIGITAIS,COMERCIO E SERVICOS,Comércio,G4711302,COM VAREJ MERC GERAL C/PREDOM PROD ALIM - SUPERMERCADOS,COMERCIO/SERVICOS,COMÉRCIO E SERVIÇOS,MICRO,PRIVADA,BANCO VOLKSWAGEN S.A.,59.109.165.0001-49,LIQUIDADA
9844,INDUSTRIA E COMERCIO DE PRODUTOS ALIMENTICIOS FRUTAP LT,**.*58.635/0001-**, SP,BERNARDINO DE CAMPOS,3506300,2002-03-19T00:00:00,38421,38420,RECURSOS LIVRES - PRÓPRIOS,TJLP,10.0,12,24,REEMBOLSÁVEL,INDIRETA,BNDES FINAME,OUTROS,NÃO,AREA DE OPERACOES E CANAIS DIGITAIS,COMERCIO E SERVICOS,Transporte terrestre,H4930202,TRANSP ROD CARGA EXC PROD PERIG MUDANCA INTER-MUN-EST-NACIONAL,INFRA-ESTRUTURA,TRANSPORTE RODOVIÁRIO,MÉDIA,PRIVADA,BANCO BRADESCO S.A.,60.746.948.0001-12,LIQUIDADA
9845,LAYFF KOSMETIC LTDA,**.*29.170/0001-**, MG,UBERABA,3170107,2002-03-19T00:00:00,161724,161724,RECURSOS LIVRES - PRÓPRIOS,TJLP,2.9,3,33,REEMBOLSÁVEL,INDIRETA,BNDES FINAME,OUTROS,NÃO,AREA DE OPERACOES E CANAIS DIGITAIS,INDUSTRIA DE TRANSFORMAÇÃO,Química,C2063100,"FAB DE COSMETICOS, PRODUTOS DE PERFUMARIA E DE HIGIENE PESSOAL",INDUSTRIA,QUÍMICA E PETROQUÍMICA,MÉDIA,PRIVADA,BANCO SAFRA S.A.,58.160.789.0001-28,LIQUIDADA
9846,KING MEAT ALIMENTOS DO BRASIL S/A,**.*31.562/0001-**, PR,APUCARANA,4101408,2002-03-19T00:00:00,88200,88200,RECURSOS LIVRES - PRÓPRIOS,TJLP,7.5,6,42,REEMBOLSÁVEL,INDIRETA,BNDES FINAME,OUTROS,NÃO,AREA DE OPERACOES E CANAIS DIGITAIS,INDUSTRIA DE TRANSFORMAÇÃO,Máquinas e equipamentos,C2862300,FAB MAQ EQ INDUSTRIA ALIMENTOS BEBIDAS E FUMO PECAS E ACESSORIOS,INDUSTRIA,MECÂNICA,GRANDE,PRIVADA,BOSTON NEGOCIOS E PARTICIPACOES LTDA.,33.140.666.0001-02,LIQUIDADA
9847,JSL S.A.,**.*48.435/0001-**, PR,PARANAGUA,4118204,2002-03-19T00:00:00,870400,870400,RECURSOS LIVRES - PRÓPRIOS,TJLP,4.0,3,27,REEMBOLSÁVEL,INDIRETA,BNDES FINAME,OUTROS,NÃO,AREA DE OPERACOES E CANAIS DIGITAIS,COMERCIO E SERVICOS,Transporte terrestre,H4930202,TRANSP ROD CARGA EXC PROD PERIG MUDANCA INTER-MUN-EST-NACIONAL,INFRA-ESTRUTURA,TRANSPORTE RODOVIÁRIO,GRANDE,PRIVADA,BANCO VOLVO (BRASIL) S.A,58.017.179.0001-70,LIQUIDADA
9848,JSL S.A.,**.*48.435/0001-**, PR,PARANAGUA,4118204,2002-03-19T00:00:00,870400,870400,RECURSOS LIVRES - PRÓPRIOS,TJLP,4.0,3,27,REEMBOLSÁVEL,INDIRETA,BNDES FINAME,OUTROS,NÃO,AREA DE OPERACOES E CANAIS DIGITAIS,COMERCIO E SERVICOS,Transporte terrestre,H4930202,TRANSP ROD CARGA EXC PROD PERIG MUDANCA INTER-MUN-EST-NACIONAL,INFRA-ESTRUTURA,TRANSPORTE RODOVIÁRIO,GRANDE,PRIVADA,BANCO VOLVO (BRASIL) S.A,58.017.179.0001-70,LIQUIDADA
9849,JSL S.A.,**.*48.435/0001-**, PR,PARANAGUA,4118204,2002-03-19T00:00:00,1305600,1305600,RECURSOS LIVRES - PRÓPRIOS,TJLP,4.0,3,27,REEMBOLSÁVEL,INDIRETA,BNDES FINAME,OUTROS,NÃO,AREA DE OPERACOES E CANAIS DIGITAIS,COMERCIO E SERVICOS,Transporte terrestre,H4930202,TRANSP ROD CARGA EXC PROD PERIG MUDANCA INTER-MUN-EST-NACIONAL,INFRA-ESTRUTURA,TRANSPORTE RODOVIÁRIO,GRANDE,PRIVADA,BANCO VOLVO (BRASIL) S.A,58.017.179.0001-70,LIQUIDADA
9850,JSL S.A.,**.*48.435/0001-**, AL,MACEIO,2704302,2002-03-19T00:00:00,1636858,1636858,RECURSOS LIVRES - PRÓPRIOS,TJLP,3.0,3,33,REEMBOLSÁVEL,INDIRETA,BNDES FINAME,OUTROS,NÃO,AREA DE OPERACOES E CANAIS DIGITAIS,COMERCIO E SERVICOS,Transporte terrestre,H4930202,TRANSP ROD CARGA EXC PROD PERIG MUDANCA INTER-MUN-EST-NACIONAL,INFRA-ESTRUTURA,TRANSPORTE RODOVIÁRIO,GRANDE,PRIVADA,BOSTON NEGOCIOS E PARTICIPACOES LTDA.,33.140.666.0001-02,LIQUIDADA
9851,IVO MAXIMO BEARZI & FILHO LTDA,**.*95.329/0001-**, SC,CAPINZAL,4203907,2002-03-19T00:00:00,42880,42880,RECURSOS LIVRES - ORGANISMOS,TJLP,5.0,12,48,REEMBOLSÁVEL,INDIRETA,BNDES AUTOMÁTICO,OUTROS,NÃO,AREA DE OPERACOES E CANAIS DIGITAIS,COMERCIO E SERVICOS,Comércio,G4729600,"COM VAREJ PD ALIM GRAL OU ESP PD ALIM NAO ESPEC ANTERIO, PD FUMO",COMERCIO/SERVICOS,COMÉRCIO E SERVIÇOS,MICRO,PRIVADA,AGENCIA DE FOMENTO DO ESTADO DE SANTA CATARINA S.A. - B,82.937.293.0001-00,LIQUIDADA
9876,TERRAPLENAGEM BATTISTI LTDA,**.*12.936/0001-**, RS,VENANCIO AIRES,4322608,2002-03-19T00:00:00,53000,53000,RECURSOS LIVRES - PRÓPRIOS,TJLP,7.0,6,30,REEMBOLSÁVEL,INDIRETA,BNDES FINAME,OUTROS,NÃO,AREA DE OPERACOES E CANAIS DIGITAIS,COMERCIO E SERVICOS,Construção,F4313400,OBRAS DE TERRAPLENAGEM,COMERCIO/SERVICOS,COMÉRCIO E SERVIÇOS,MICRO,PRIVADA,BANCO CNH INDUSTRIAL CAPITAL S.A.,02.992.446.0001-75,LIQUIDADA
9852,ITACARE COMPONENTES DE MOVEIS LTDA ME,**.*63.623/0001-**, RS,BENTO GONCALVES,4302105,2002-03-19T00:00:00,9160,9160,RECURSOS LIVRES - PRÓPRIOS,TJLP,6.0,12,48,REEMBOLSÁVEL,INDIRETA,BNDES FINAME,OUTROS,NÃO,AREA DE OPERACOES E CANAIS DIGITAIS,INDUSTRIA DE TRANSFORMAÇÃO,Móveis,C3101200,FABRICACAO DE MOVEIS COM PREDOMINANCIA DE MADEIRA,INDUSTRIA,OUTRAS,MICRO,PRIVADA,BADESUL DESENVOLVIMENTO S.A. - AGENCIA DE FOMENTO/RS,02.885.855.0001-72,LIQUIDADA
9853,G J S TRANSPORTES E TERRAPLENAGEM LTDA ME,**.*69.742/0001-**, PR,COLOMBO,4105805,2002-03-19T00:00:00,77400,77400,RECURSOS LIVRES - PRÓPRIOS,TJLP,6.0,3,39,REEMBOLSÁVEL,INDIRETA,BNDES FINAME,OUTROS,NÃO,AREA DE OPERACOES E CANAIS DIGITAIS,COMERCIO E SERVICOS,Construção,F4313400,OBRAS DE TERRAPLENAGEM,COMERCIO/SERVICOS,COMÉRCIO E SERVIÇOS,PEQUENA,PRIVADA,ITAU UNIBANCO S.A.,60.701.190.0001-04,LIQUIDADA
9854,FRUTICULA PIGARI LTDA,**.*18.133/0001-**, SP,URANIA,3555802,2002-03-19T00:00:00,135900,135900,RECURSOS LIVRES - PRÓPRIOS,TJLP,4.5,6,54,REEMBOLSÁVEL,INDIRETA,BNDES FINAME,OUTROS,NÃO,AREA DE OPERACOES E CANAIS DIGITAIS,COMERCIO E SERVICOS,Comércio,G4729600,"COM VAREJ PD ALIM GRAL OU ESP PD ALIM NAO ESPEC ANTERIO, PD FUMO",COMERCIO/SERVICOS,COMÉRCIO E SERVIÇOS,MICRO,PRIVADA,BANCO BRADESCO S.A.,60.746.948.0001-12,LIQUIDADA
9855,FRS S/A AGRO AVICOLA INDUSTRIAL,**.*74.561/0001-**, RS,MONTENEGRO,4312401,2002-03-19T00:00:00,1459940,1459940,RECURSOS LIVRES - FAT,TJLP,4.5,12,48,REEMBOLSÁVEL,INDIRETA,BNDES AUTOMÁTICO,OUTROS,NÃO,AREA DE OPERACOES E CANAIS DIGITAIS,INDUSTRIA DE TRANSFORMAÇÃO,Produtos Alimentícios,C1012102,ABATE DE PEQUENOS ANIMAIS,INDUSTRIA,ALIMENTO E BEBIDA,GRANDE,PRIVADA,BANCO SANTANDER (BRASIL) S.A.,90.400.888.0001-42,LIQUIDADA
9856,PAVCO PAVIMENTAÇAO E CONSTRUÇAO LTDA,**.*04.951/0001-**, BA,LAURO DE FREITAS,2919207,2002-03-19T00:00:00,158400,158400,RECURSOS LIVRES - PRÓPRIOS,TJLP,5.0,3,36,REEMBOLSÁVEL,INDIRETA,BNDES FINAME,OUTROS,NÃO,AREA DE OPERACOES E CANAIS DIGITAIS,COMERCIO E SERVICOS,Construção,F4120400,CONSTRUCAO DE EDIFICIOS,COMERCIO/SERVICOS,COMÉRCIO E SERVIÇOS,PEQUENA,PRIVADA,BANCO BRADESCO S.A.,60.746.948.0001-12,LIQUIDADA
9857,FRANCISCO FERNANDO PINTO,**.*96.779/0001-**, BA,EUNAPOLIS,2910727,2002-03-19T00:00:00,58674,58674,RECURSOS LIVRES - ORGANISMOS,TJLP,4.0,15,69,REEMBOLSÁVEL,INDIRETA,BNDES AUTOMÁTICO,OUTROS,NÃO,AREA DE OPERACOES E CANAIS DIGITAIS,INDUSTRIA DE TRANSFORMAÇÃO,Madeira,C1622600,FAB ESTRUTURAS DE MADEIRA E ARTIGOS CARPINTARIA PARA CONSTRUCAO,INDUSTRIA,OUTRAS,MICRO,PRIVADA,BANCO DO NORDESTE DO BRASIL SA,07.237.373.0001-20,LIQUIDADA
9858,LONDON CLIP INDUSTRIAS DE EMBALAGENS LTDA,**.*37.139/0001-**, SP,ITAPECERICA DA SERRA,3522208,2002-03-19T00:00:00,560000,560000,RECURSOS LIVRES - PRÓPRIOS,TJLP,7.0,6,30,REEMBOLSÁVEL,INDIRETA,BNDES FINAME,OUTROS,NÃO,AREA DE OPERACOES E CANAIS DIGITAIS,INDUSTRIA DE TRANSFORMAÇÃO,Produto de metal,C2599300,FABRICACAO DE PRODUTOS DE METAL NAO ESPECIFICADOS ANTERIORMENTE,INDUSTRIA,METALURGIA E PRODUTOS,PEQUENA,PRIVADA,BANCO SAFRA S.A.,58.160.789.0001-28,LIQUIDADA
9859,POTY FARMACEUTICA LTDA,**.*01.275/0001-**, BA,PAULO AFONSO,2924009,2002-03-19T00:00:00,213887,213887,RECURSOS LIVRES - ORGANISMOS,TJLP,5.0,12,48,REEMBOLSÁVEL,INDIRETA,BNDES AUTOMÁTICO,OUTROS,NÃO,AREA DE OPERACOES E CANAIS DIGITAIS,COMERCIO E SERVICOS,Comércio,G4770000,COM VAREJ PROD FARMA PERFUM COSMETI E ART MEDICO OPTICO E ORTOPED,COMERCIO/SERVICOS,COMÉRCIO E SERVIÇOS,PEQUENA,PRIVADA,BANCO DO BRASIL SA,00.000.000.0001-91,LIQUIDADA
9860,TRANSPORTES SARZEDO LTDA,**.*34.441/0001-**, MG,IBIRITE,3129806,2002-03-19T00:00:00,112000,112000,RECURSOS LIVRES - PRÓPRIOS,TAXA FIXA,8.4,0,24,REEMBOLSÁVEL,INDIRETA,BNDES FINAME LEASING,OUTROS,NÃO,AREA DE OPERACOES E CANAIS DIGITAIS,COMERCIO E SERVICOS,Transporte terrestre,H4930202,TRANSP ROD CARGA EXC PROD PERIG MUDANCA INTER-MUN-EST-NACIONAL,INFRA-ESTRUTURA,TRANSPORTE RODOVIÁRIO,PEQUENA,PRIVADA,BRADESCO LEASING S.A. - ARRENDAMENTO MERCANTIL,47.509.120.0001-82,LIQUIDADA
9861,PYTHON ENGENHARIA E EQUIPAMENTOS INDUSTRIAIS LIMITADA,**.*81.838/0001-**, SP,GUARULHOS,3518800,2002-03-19T00:00:00,14897,14897,RECURSOS LIVRES - PRÓPRIOS,TJLP,5.0,12,24,REEMBOLSÁVEL,INDIRETA,BNDES FINAME,OUTROS,NÃO,AREA DE OPERACOES E CANAIS DIGITAIS,INDUSTRIA DE TRANSFORMAÇÃO,Máquinas e equipamentos,C2861500,FAB MAQ INDUSTRIA METALURGICA PECA ACESS EXC MAQUINAS-FERRAMENTA,INDUSTRIA,MECÂNICA,PEQUENA,PRIVADA,BANCO BRADESCO S.A.,60.746.948.0001-12,LIQUIDADA
9862,FLORIVAL CAVALHIERI,**.*95.630/0001-**, SP,GUARARAPES,3518206,2002-03-19T00:00:00,111024,111024,RECURSOS LIVRES - PRÓPRIOS,TJLP,7.0,0,42,REEMBOLSÁVEL,INDIRETA,BNDES FINAME,OUTROS,NÃO,AREA DE OPERACOES E CANAIS DIGITAIS,COMERCIO E SERVICOS,Transporte terrestre,H4930202,TRANSP ROD CARGA EXC PROD PERIG MUDANCA INTER-MUN-EST-NACIONAL,INFRA-ESTRUTURA,TRANSPORTE RODOVIÁRIO,PEQUENA,PRIVADA,BANCO BRADESCO S.A.,60.746.948.0001-12,LIQUIDADA
9863,XANDRELAR ENGENHARIA LTDA.,**.*72.117/0001-**, RJ,NOVA IGUACU,3303500,2002-03-19T00:00:00,386190,386190,RECURSOS LIVRES - PRÓPRIOS,TJLP,7.0,0,24,REEMBOLSÁVEL,INDIRETA,BNDES FINAME,OUTROS,NÃO,AREA DE OPERACOES E CANAIS DIGITAIS,COMERCIO E SERVICOS,Construção,F4120400,CONSTRUCAO DE EDIFICIOS,COMERCIO/SERVICOS,COMÉRCIO E SERVIÇOS,PEQUENA,PRIVADA,BANCO GUANABARA S/A,31.880.826.0001-16,LIQUIDADA
9864,VIBRASOM TECNOLOGIA ACUSTICA LTDA,**.*06.328/0001-**, SP,SAO BERNARDO DO CAMPO,3548708,2002-03-19T00:00:00,23284,23284,RECURSOS LIVRES - PRÓPRIOS,TJLP,5.0,12,24,REEMBOLSÁVEL,INDIRETA,BNDES FINAME,OUTROS,NÃO,AREA DE OPERACOES E CANAIS DIGITAIS,INDUSTRIA DE TRANSFORMAÇÃO,"Equip info, eletronico, ótico",C2631100,"FAB EQUIPAMENTOS TRANSMISSORES DE COMUNICACAO, PECAS E ACESSORIO",INDUSTRIA,MECÂNICA,PEQUENA,PRIVADA,BANCO BRADESCO S.A.,60.746.948.0001-12,LIQUIDADA
9865,VIACAO PIRACICABANA SA,**.*60.623/0001-**, SP,SAO VICENTE,3551009,2002-03-19T00:00:00,418000,418000,RECURSOS LIVRES - PRÓPRIOS,TJLP,2.2,12,24,REEMBOLSÁVEL,INDIRETA,BNDES FINAME,OUTROS,NÃO,AREA DE OPERACOES E CANAIS DIGITAIS,COMERCIO E SERVICOS,Transporte terrestre,H4921300,TRANSP RODOV COL PASSAG C/ITINERARIO FXO MUN E RG METROPOLITANA,INFRA-ESTRUTURA,TRANSPORTE RODOVIÁRIO,MÉDIA,PRIVADA,BANCO SANTANDER (BRASIL) S.A.,90.400.888.0001-42,LIQUIDADA
9866,VANAR GERALDA CANCIO ANDRADE,**.*93.245/0001-**, MG,IPATINGA,3131307,2002-03-19T00:00:00,53950,53950,RECURSOS LIVRES - PRÓPRIOS,TJLP,7.0,0,36,REEMBOLSÁVEL,INDIRETA,BNDES FINAME,OUTROS,NÃO,AREA DE OPERACOES E CANAIS DIGITAIS,COMERCIO E SERVICOS,Comércio,G4729600,"COM VAREJ PD ALIM GRAL OU ESP PD ALIM NAO ESPEC ANTERIO, PD FUMO",COMERCIO/SERVICOS,COMÉRCIO E SERVIÇOS,MICRO,PRIVADA,BANCO BRADESCO S.A.,60.746.948.0001-12,LIQUIDADA
9867,USINA SAO DOMINGOS-ACUCAR E ETANOL S/A,**.*63.128/0001-**, SP,CATANDUVA,3511102,2002-03-19T00:00:00,84640,84640,RECURSOS LIVRES - PRÓPRIOS,TAXA FIXA,7.0,0,36,REEMBOLSÁVEL,INDIRETA,BNDES FINAME LEASING,OUTROS,NÃO,AREA DE OPERACOES E CANAIS DIGITAIS,INDUSTRIA DE TRANSFORMAÇÃO,Produtos Alimentícios,C1071600,FABRICACAO DE ACUCAR EM BRUTO,INDUSTRIA,ALIMENTO E BEBIDA,GRANDE,PRIVADA,BRADESCO LEASING S.A. - ARRENDAMENTO MERCANTIL,47.509.120.0001-82,LIQUIDADA
9868,USINA ACUCAREIRA S. MANOEL S/A.,**.*29.174/0001-**, SP,SAO MANUEL,3550100,2002-03-19T00:00:00,60000,60000,RECURSOS LIVRES - PRÓPRIOS,TJLP,5.0,12,48,REEMBOLSÁVEL,INDIRETA,BNDES FINAME,OUTROS,NÃO,AREA DE OPERACOES E CANAIS DIGITAIS,AGROPECUÁRIA E PESCA,Agropecuária,A0119900,CULT PLANTAS LAVOURA TEMPORARIA NAO ESPECIFICADAS ANTERIORMENTE,AGROPECUÁRIA,AGROPECUÁRIA,GRANDE,PRIVADA,ITAU UNIBANCO S.A.,60.701.190.0001-04,LIQUIDADA
9869,TRANSPORTES SCHOENINGER LTDA,**.*64.938/0001-**, SC,IPORA DO OESTE,4207650,2002-03-19T00:00:00,84600,84600,RECURSOS LIVRES - PRÓPRIOS,TJLP,6.0,0,60,REEMBOLSÁVEL,INDIRETA,BNDES FINAME,OUTROS,NÃO,AREA DE OPERACOES E CANAIS DIGITAIS,COMERCIO E SERVICOS,Transporte terrestre,H4930202,TRANSP ROD CARGA EXC PROD PERIG MUDANCA INTER-MUN-EST-NACIONAL,INFRA-ESTRUTURA,TRANSPORTE RODOVIÁRIO,MICRO,PRIVADA,BANCO BRADESCO S.A.,60.746.948.0001-12,LIQUIDADA
9870,TRANSPORTES PALHANO LTDA,**.*93.035/0001-**, SC,ITAJAI,4208203,2002-03-19T00:00:00,130400,130400,RECURSOS LIVRES - PRÓPRIOS,TJLP,6.0,6,42,REEMBOLSÁVEL,INDIRETA,BNDES FINAME,OUTROS,NÃO,AREA DE OPERACOES E CANAIS DIGITAIS,COMERCIO E SERVICOS,Transporte terrestre,H4930202,TRANSP ROD CARGA EXC PROD PERIG MUDANCA INTER-MUN-EST-NACIONAL,INFRA-ESTRUTURA,TRANSPORTE RODOVIÁRIO,PEQUENA,PRIVADA,BANCO BRADESCO S.A.,60.746.948.0001-12,LIQUIDADA
9871,TRANSPORTADORA POUPE PESO LTDA,**.*67.809/0001-**, ES,VITORIA,3205309,2002-03-19T00:00:00,100800,100800,RECURSOS LIVRES - PRÓPRIOS,TJLP,6.5,0,24,REEMBOLSÁVEL,INDIRETA,BNDES FINAME,OUTROS,NÃO,AREA DE OPERACOES E CANAIS DIGITAIS,COMERCIO E SERVICOS,Transporte terrestre,H4930202,TRANSP ROD CARGA EXC PROD PERIG MUDANCA INTER-MUN-EST-NACIONAL,INFRA-ESTRUTURA,TRANSPORTE RODOVIÁRIO,MICRO,PRIVADA,BANCO BRADESCO S.A.,60.746.948.0001-12,LIQUIDADA
9872,TRANSPORTADORA MARTINELLI MUFFA LTDA,**.*17.936/0001-**, SP,BADY BASSITT,3504602,2002-03-19T00:00:00,103704,103704,RECURSOS LIVRES - PRÓPRIOS,TJLP,2.9,6,42,REEMBOLSÁVEL,INDIRETA,BNDES FINAME,OUTROS,NÃO,AREA DE OPERACOES E CANAIS DIGITAIS,COMERCIO E SERVICOS,Transporte terrestre,H4930202,TRANSP ROD CARGA EXC PROD PERIG MUDANCA INTER-MUN-EST-NACIONAL,INFRA-ESTRUTURA,TRANSPORTE RODOVIÁRIO,MÉDIA,PRIVADA,BANCO BRADESCO S.A.,60.746.948.0001-12,LIQUIDADA
9873,TRANSPORTADORA MARCAL LTDA,**.*29.264/0001-**, BA,ITABUNA,2914802,2002-03-19T00:00:00,102280,102280,RECURSOS LIVRES - PRÓPRIOS,TJLP,9.0,0,36,REEMBOLSÁVEL,INDIRETA,BNDES FINAME,OUTROS,NÃO,AREA DE OPERACOES E CANAIS DIGITAIS,COMERCIO E SERVICOS,Transporte terrestre,H4930202,TRANSP ROD CARGA EXC PROD PERIG MUDANCA INTER-MUN-EST-NACIONAL,INFRA-ESTRUTURA,TRANSPORTE RODOVIÁRIO,MICRO,PRIVADA,ITAU UNIBANCO S.A.,60.701.190.0001-04,LIQUIDADA
9874,TRANSFADA TRANSPORTE COLETIVO E ENCOMENDAS LTDA,**.*74.182/0001-**, PR,PONTA GROSSA,4119905,2002-03-19T00:00:00,657600,657600,RECURSOS LIVRES - PRÓPRIOS,TJLP,4.0,6,42,REEMBOLSÁVEL,INDIRETA,BNDES FINAME,OUTROS,NÃO,AREA DE OPERACOES E CANAIS DIGITAIS,COMERCIO E SERVICOS,Transporte terrestre,H4923000,TRANSPORTE RODOVIARIO DE TAXI,INFRA-ESTRUTURA,TRANSPORTE RODOVIÁRIO,PEQUENA,PRIVADA,BANCO MERCEDES-BENZ DO BRASIL S/A,60.814.191.0001-57,LIQUIDADA
17419,BANCO DO BRASIL SA,**.*00.000/0001-**, RS,BENTO GONCALVES,4302105,2002-05-08T00:00:00,10224,10224,RECURSOS LIVRES - TESOURO,TAXA FIXA,8.75,36,60,REEMBOLSÁVEL,INDIRETA,BNDES AUTOMÁTICO,OUTROS,NÃO,AREA DE OPERACOES E CANAIS DIGITAIS,AGROPECUÁRIA E PESCA,Agropecuária,A0132600,CULTIVO DE UVA,AGROPECUÁRIA,AGROPECUÁRIA,MICRO,PRIVADA,BANCO DO BRASIL SA,00.000.000.0001-91,LIQUIDADA
9877,TEKA TECELAGEM KUEHNRICH SA,**.*36.986/0001-**, SC,BLUMENAU,4202404,2002-03-19T00:00:00,336000,336000,RECURSOS LIVRES - PRÓPRIOS,TJLP,7.0,12,48,REEMBOLSÁVEL,INDIRETA,BNDES FINAME,OUTROS,NÃO,AREA DE OPERACOES E CANAIS DIGITAIS,INDUSTRIA DE TRANSFORMAÇÃO,Têxtil,C1320000,"TECELAGEM, EXCETO MALHA",INDUSTRIA,TÊXTIL E VESTUÁRIO,GRANDE,PRIVADA,BANCO REGIONAL DE DESENVOLVIMENTO DO EXTREMO SUL,92.816.560.0001-37,LIQUIDADA
9878,TEGMA CARGAS ESPECIAIS LTDA.,**.*87.331/0001-**, ES,SERRA,3205002,2002-03-19T00:00:00,229840,229840,RECURSOS LIVRES - PRÓPRIOS,TJLP,4.0,12,24,REEMBOLSÁVEL,INDIRETA,BNDES FINAME,OUTROS,NÃO,AREA DE OPERACOES E CANAIS DIGITAIS,COMERCIO E SERVICOS,"Ativ imobil, profissional e adm",N8200000,SERV ESCRITORIO DE APOIO ADM E OUTROS SERVICOS PRESTADOS AS EMPRE,COMERCIO/SERVICOS,COMÉRCIO E SERVIÇOS,MÉDIA,PRIVADA,BANCO MERCEDES-BENZ DO BRASIL S/A,60.814.191.0001-57,LIQUIDADA
9879,SOBRAL PRODUTORA DE ARTEFATOS TEXTEIS IND E COM LTDA,**.*43.608/0001-**, CE,SOBRAL,2312908,2002-03-19T00:00:00,53550,53550,RECURSOS LIVRES - PRÓPRIOS,TAXA FIXA,10.42,0,36,REEMBOLSÁVEL,INDIRETA,BNDES FINAME LEASING,OUTROS,NÃO,AREA DE OPERACOES E CANAIS DIGITAIS,INDUSTRIA DE TRANSFORMAÇÃO,Têxtil,C1359600,FABRICACAO OUTROS PROD TEXTEIS NAO ESPECIFICADOS ANTERIORMENTE,INDUSTRIA,TÊXTIL E VESTUÁRIO,MICRO,PRIVADA,DIBENS LEASING S/A - ARRENDAMENTO MERCANTIL,65.654.303.0001-73,LIQUIDADA
9880,SOBERANA IND DE BALAS LTDA,**.*96.652/0001-**, RS,IJUI,4310207,2002-03-19T00:00:00,150000,150000,RECURSOS LIVRES - PRÓPRIOS,TJLP,5.8,12,48,REEMBOLSÁVEL,INDIRETA,BNDES FINAME,OUTROS,NÃO,AREA DE OPERACOES E CANAIS DIGITAIS,COMERCIO E SERVICOS,Comércio,G4711302,COM VAREJ MERC GERAL C/PREDOM PROD ALIM - SUPERMERCADOS,COMERCIO/SERVICOS,COMÉRCIO E SERVIÇOS,MÉDIA,PRIVADA,BANCO DO BRASIL SA,00.000.000.0001-91,LIQUIDADA
9881,SLC AGRICOLA S.A.,**.*96.457/0001-**, GO,CRISTALINA,5206206,2002-03-19T00:00:00,84600,84600,RECURSOS LIVRES - TESOURO,TAXA FIXA,10.75,12,60,REEMBOLSÁVEL,INDIRETA,BNDES FINAME AGRÍCOLA,MODERFROTA,NÃO,AREA DE OPERACOES E CANAIS DIGITAIS,AGROPECUÁRIA E PESCA,Agropecuária,A0119900,CULT PLANTAS LAVOURA TEMPORARIA NAO ESPECIFICADAS ANTERIORMENTE,AGROPECUÁRIA,AGROPECUÁRIA,MICRO,PRIVADA,BANCO UNICO S.A.,00.086.413.0001-30,LIQUIDADA
9882,SLC AGRICOLA S.A.,**.*96.457/0001-**, RS,CORONEL BICACO,4305900,2002-03-19T00:00:00,42300,42300,RECURSOS LIVRES - TESOURO,TAXA FIXA,10.75,12,60,REEMBOLSÁVEL,INDIRETA,BNDES FINAME AGRÍCOLA,MODERFROTA,NÃO,AREA DE OPERACOES E CANAIS DIGITAIS,AGROPECUÁRIA E PESCA,Agropecuária,A0119900,CULT PLANTAS LAVOURA TEMPORARIA NAO ESPECIFICADAS ANTERIORMENTE,AGROPECUÁRIA,AGROPECUÁRIA,MICRO,PRIVADA,BANCO UNICO S.A.,00.086.413.0001-30,LIQUIDADA
9883,SERAFIM IND. DE MATERIAIS PARA COSNTRUÇAO,**.*27.349/0001-**, PA,ALTAMIRA,1500602,2002-03-19T00:00:00,108409,108409,RECURSOS LIVRES - PRÓPRIOS,TJLP,5.0,3,33,REEMBOLSÁVEL,INDIRETA,BNDES FINAME,OUTROS,NÃO,AREA DE OPERACOES E CANAIS DIGITAIS,COMERCIO E SERVICOS,Construção,F4120400,CONSTRUCAO DE EDIFICIOS,COMERCIO/SERVICOS,COMÉRCIO E SERVIÇOS,MICRO,PRIVADA,BANCO CNH INDUSTRIAL CAPITAL S.A.,02.992.446.0001-75,LIQUIDADA
9884,SE SUPERMERCADOS LTDA.,**.*45.828/0001-**, SP,SAO PAULO,3550308,2002-03-19T00:00:00,16969,16969,RECURSOS LIVRES - PRÓPRIOS,TJLP,4.6,12,48,REEMBOLSÁVEL,INDIRETA,BNDES FINAME,OUTROS,NÃO,AREA DE OPERACOES E CANAIS DIGITAIS,COMERCIO E SERVICOS,Comércio,G4711302,COM VAREJ MERC GERAL C/PREDOM PROD ALIM - SUPERMERCADOS,COMERCIO/SERVICOS,COMÉRCIO E SERVIÇOS,GRANDE,PRIVADA,ITAU UNIBANCO S.A.,60.701.190.0001-04,LIQUIDADA
9885,ROTA TRANSPORTES RODOVIARIOS LTDA            (14492342),**.*92.342/0001-**, BA,ITABUNA,2914802,2002-03-19T00:00:00,243990,243990,RECURSOS LIVRES - PRÓPRIOS,TJLP,3.5,6,30,REEMBOLSÁVEL,INDIRETA,BNDES FINAME,OUTROS,NÃO,AREA DE OPERACOES E CANAIS DIGITAIS,COMERCIO E SERVICOS,Transporte terrestre,H4921300,TRANSP RODOV COL PASSAG C/ITINERARIO FXO MUN E RG METROPOLITANA,INFRA-ESTRUTURA,TRANSPORTE RODOVIÁRIO,MÉDIA,PRIVADA,ITAU UNIBANCO S.A.,60.701.190.0001-04,LIQUIDADA
9886,ROTA TRANSPORTES RODOVIARIOS LTDA            (14492342),**.*92.342/0001-**, BA,ITABUNA,2914802,2002-03-19T00:00:00,243990,243990,RECURSOS LIVRES - PRÓPRIOS,TJLP,3.5,6,30,REEMBOLSÁVEL,INDIRETA,BNDES FINAME,OUTROS,NÃO,AREA DE OPERACOES E CANAIS DIGITAIS,COMERCIO E SERVICOS,Transporte terrestre,H4921300,TRANSP RODOV COL PASSAG C/ITINERARIO FXO MUN E RG METROPOLITANA,INFRA-ESTRUTURA,TRANSPORTE RODOVIÁRIO,MÉDIA,PRIVADA,ITAU UNIBANCO S.A.,60.701.190.0001-04,LIQUIDADA
9887,ROMI S.A.,**.*20.428/0001-**, MG,CONTAGEM,3118601,2002-03-19T00:00:00,212117,212117,RECURSOS LIVRES - PRÓPRIOS,TJLP,6.0,3,33,REEMBOLSÁVEL,INDIRETA,BNDES FINAME,OUTROS,NÃO,AREA DE OPERACOES E CANAIS DIGITAIS,INDUSTRIA DE TRANSFORMAÇÃO,Máquinas e equipamentos,C2869100,FAB MAQ EQUIP USO INDAL ESPEC NAO ESPECI ANTERIOR PECA ACESS,INDUSTRIA,MECÂNICA,GRANDE,PRIVADA,BANCO SANTANDER (BRASIL) S.A.,90.400.888.0001-42,LIQUIDADA
9888,R G DE BASTOS,**.*99.651/0001-**, GO,PIRENOPOLIS,5217302,2002-03-19T00:00:00,13500,13500,RECURSOS LIVRES - PRÓPRIOS,TJLP,10.0,3,12,REEMBOLSÁVEL,INDIRETA,BNDES FINAME,OUTROS,NÃO,AREA DE OPERACOES E CANAIS DIGITAIS,COMERCIO E SERVICOS,Comércio,G4721100,"COM VAREJ PROD PADARIA, LATICINIO, DOCES, BALAS E SEMELHANTES",COMERCIO/SERVICOS,COMÉRCIO E SERVIÇOS,MICRO,PRIVADA,BANCO BRADESCO S.A.,60.746.948.0001-12,LIQUIDADA
9889,PROTEGE S/A PROTECAO E TRANSPORTE DE VALORES,**.*35.146/0001-**, SP,SAO PAULO,3550308,2002-03-19T00:00:00,612000,612000,RECURSOS LIVRES - PRÓPRIOS,TJLP,4.8,12,48,REEMBOLSÁVEL,INDIRETA,BNDES FINAME,OUTROS,NÃO,AREA DE OPERACOES E CANAIS DIGITAIS,COMERCIO E SERVICOS,"Ativ imobil, profissional e adm",N8000000,"ATIVIDADES DE VIGILANCIA, SEGURANCA E INVESTIGACAO",COMERCIO/SERVICOS,COMÉRCIO E SERVIÇOS,GRANDE,PRIVADA,BANCO BRADESCO S.A.,60.746.948.0001-12,LIQUIDADA
9890,EXECUTIVA TRANSPORTES URBANOS S/A,**.*51.810/0001-**, SP,SANTOS,3548500,2002-03-19T00:00:00,823088,823088,RECURSOS LIVRES - PRÓPRIOS,TJLP,4.2,6,30,REEMBOLSÁVEL,INDIRETA,BNDES FINAME,OUTROS,NÃO,AREA DE OPERACOES E CANAIS DIGITAIS,COMERCIO E SERVICOS,Transporte terrestre,H4921300,TRANSP RODOV COL PASSAG C/ITINERARIO FXO MUN E RG METROPOLITANA,INFRA-ESTRUTURA,TRANSPORTE RODOVIÁRIO,GRANDE,PRIVADA,BANCO BRADESCO S.A.,60.746.948.0001-12,LIQUIDADA
9891,GOIASA GOIATUBA ALCOOL LTDA,**.*73.950/0001-**, GO,GOIATUBA,5209101,2002-03-19T00:00:00,220970,220970,RECURSOS LIVRES - PRÓPRIOS,TJLP,3.2,6,54,REEMBOLSÁVEL,INDIRETA,BNDES FINAME,OUTROS,NÃO,AREA DE OPERACOES E CANAIS DIGITAIS,AGROPECUÁRIA E PESCA,Agropecuária,A0100000,"AGRICULTURA, PECUARIA E SERVICOS RELACIONADOS",AGROPECUÁRIA,AGROPECUÁRIA,MÉDIA,PRIVADA,BANCO ABC BRASIL S.A.,28.195.667.0001-06,LIQUIDADA
9892,ESCOLA ORIENTAL DE MASSAGEM E ACUPUNTURA LTDA,**.*51.546/0001-**, SP,SAO PAULO,3550308,2002-03-19T00:00:00,528800,528800,RECURSOS LIVRES - ORGANISMOS,TJLP,5.0,12,36,REEMBOLSÁVEL,INDIRETA,BNDES AUTOMÁTICO,OUTROS,NÃO,AREA DE OPERACOES E CANAIS DIGITAIS,COMERCIO E SERVICOS,Educação,P8541400,EDUCACAO PROFISSIONAL DE NIVEL TECNICO,COMERCIO/SERVICOS,COMÉRCIO E SERVIÇOS,PEQUENA,PRIVADA,BANCO INDUSTRIAL DO BRASIL S/A,31.895.683.0001-16,LIQUIDADA
9893,BANCO DO BRASIL SA,**.*00.000/0001-**, ES,MUQUI,3203809,2002-03-19T00:00:00,8570,8570,RECURSOS LIVRES - TESOURO,TAXA FIXA,8.75,12,48,REEMBOLSÁVEL,INDIRETA,BNDES AUTOMÁTICO,OUTROS,NÃO,AREA DE OPERACOES E CANAIS DIGITAIS,AGROPECUÁRIA E PESCA,Agropecuária,A0119900,CULT PLANTAS LAVOURA TEMPORARIA NAO ESPECIFICADAS ANTERIORMENTE,AGROPECUÁRIA,AGROPECUÁRIA,MICRO,PRIVADA,BANCO DO BRASIL SA,00.000.000.0001-91,LIQUIDADA
9894,BANCO DO BRASIL SA,**.*00.000/0001-**, MG,ITURAMA,3134400,2002-03-19T00:00:00,108275,108275,RECURSOS LIVRES - TESOURO,TAXA FIXA,8.75,12,48,REEMBOLSÁVEL,INDIRETA,BNDES AUTOMÁTICO,OUTROS,NÃO,AREA DE OPERACOES E CANAIS DIGITAIS,AGROPECUÁRIA E PESCA,Agropecuária,A0119900,CULT PLANTAS LAVOURA TEMPORARIA NAO ESPECIFICADAS ANTERIORMENTE,AGROPECUÁRIA,AGROPECUÁRIA,MICRO,PRIVADA,BANCO DO BRASIL SA,00.000.000.0001-91,LIQUIDADA
9895,BANCO DO BRASIL SA,**.*00.000/0001-**, RJ,TRAJANO DE MORAIS,3305901,2002-03-19T00:00:00,23110,23110,RECURSOS LIVRES - TESOURO,TAXA FIXA,8.75,6,42,REEMBOLSÁVEL,INDIRETA,BNDES AUTOMÁTICO,OUTROS,NÃO,AREA DE OPERACOES E CANAIS DIGITAIS,AGROPECUÁRIA E PESCA,Agropecuária,A0119900,CULT PLANTAS LAVOURA TEMPORARIA NAO ESPECIFICADAS ANTERIORMENTE,AGROPECUÁRIA,AGROPECUÁRIA,MICRO,PRIVADA,BANCO DO BRASIL SA,00.000.000.0001-91,LIQUIDADA
9896,BANCO DO BRASIL SA,**.*00.000/0001-**, MG,TAPIRA,3168101,2002-03-19T00:00:00,98975,98975,RECURSOS LIVRES - TESOURO,TAXA FIXA,8.75,12,48,REEMBOLSÁVEL,INDIRETA,BNDES AUTOMÁTICO,OUTROS,NÃO,AREA DE OPERACOES E CANAIS DIGITAIS,AGROPECUÁRIA E PESCA,Agropecuária,A0119900,CULT PLANTAS LAVOURA TEMPORARIA NAO ESPECIFICADAS ANTERIORMENTE,AGROPECUÁRIA,AGROPECUÁRIA,MICRO,PRIVADA,BANCO DO BRASIL SA,00.000.000.0001-91,LIQUIDADA
9897,BANCO DO BRASIL SA,**.*00.000/0001-**, MG,FRUTAL,3127107,2002-03-19T00:00:00,9723,9723,RECURSOS LIVRES - TESOURO,TAXA FIXA,8.75,12,48,REEMBOLSÁVEL,INDIRETA,BNDES AUTOMÁTICO,OUTROS,NÃO,AREA DE OPERACOES E CANAIS DIGITAIS,AGROPECUÁRIA E PESCA,Agropecuária,A0119900,CULT PLANTAS LAVOURA TEMPORARIA NAO ESPECIFICADAS ANTERIORMENTE,AGROPECUÁRIA,AGROPECUÁRIA,MICRO,PRIVADA,BANCO DO BRASIL SA,00.000.000.0001-91,LIQUIDADA
9898,BANCO DO BRASIL SA,**.*00.000/0001-**, MG,SERICITA,3166303,2002-03-19T00:00:00,8200,8200,RECURSOS LIVRES - TESOURO,TAXA FIXA,8.75,6,42,REEMBOLSÁVEL,INDIRETA,BNDES AUTOMÁTICO,OUTROS,NÃO,AREA DE OPERACOES E CANAIS DIGITAIS,AGROPECUÁRIA E PESCA,Agropecuária,A0100000,"AGRICULTURA, PECUARIA E SERVICOS RELACIONADOS",AGROPECUÁRIA,AGROPECUÁRIA,MICRO,PRIVADA,BANCO DO BRASIL SA,00.000.000.0001-91,LIQUIDADA
9899,BANCO DO BRASIL SA,**.*00.000/0001-**, MG,ARINOS,3104502,2002-03-19T00:00:00,99881,99881,RECURSOS LIVRES - TESOURO,TAXA FIXA,8.75,12,48,REEMBOLSÁVEL,INDIRETA,BNDES AUTOMÁTICO,OUTROS,NÃO,AREA DE OPERACOES E CANAIS DIGITAIS,AGROPECUÁRIA E PESCA,Agropecuária,A0119900,CULT PLANTAS LAVOURA TEMPORARIA NAO ESPECIFICADAS ANTERIORMENTE,AGROPECUÁRIA,AGROPECUÁRIA,MICRO,PRIVADA,BANCO DO BRASIL SA,00.000.000.0001-91,LIQUIDADA
9900,BANCO DO BRASIL SA,**.*00.000/0001-**, PR,PALMEIRA,4117701,2002-03-19T00:00:00,74251,74251,RECURSOS LIVRES - TESOURO,TAXA FIXA,8.75,12,84,REEMBOLSÁVEL,INDIRETA,BNDES AUTOMÁTICO,OUTROS,NÃO,AREA DE OPERACOES E CANAIS DIGITAIS,AGROPECUÁRIA E PESCA,Agropecuária,A0119900,CULT PLANTAS LAVOURA TEMPORARIA NAO ESPECIFICADAS ANTERIORMENTE,AGROPECUÁRIA,AGROPECUÁRIA,MICRO,PRIVADA,BANCO DO BRASIL SA,00.000.000.0001-91,LIQUIDADA
9901,BANCO DO BRASIL SA,**.*00.000/0001-**, RO,CABIXI,1100031,2002-03-19T00:00:00,56664,56664,RECURSOS LIVRES - TESOURO,TAXA FIXA,8.75,12,48,REEMBOLSÁVEL,INDIRETA,BNDES AUTOMÁTICO,OUTROS,NÃO,AREA DE OPERACOES E CANAIS DIGITAIS,AGROPECUÁRIA E PESCA,Agropecuária,A0119900,CULT PLANTAS LAVOURA TEMPORARIA NAO ESPECIFICADAS ANTERIORMENTE,AGROPECUÁRIA,AGROPECUÁRIA,MICRO,PRIVADA,BANCO DO BRASIL SA,00.000.000.0001-91,LIQUIDADA
9902,BANCO DO BRASIL SA,**.*00.000/0001-**, MG,PARA DE MINAS,3147105,2002-03-19T00:00:00,50000,50000,RECURSOS LIVRES - TESOURO,TAXA FIXA,8.75,42,60,REEMBOLSÁVEL,INDIRETA,BNDES AUTOMÁTICO,OUTROS,NÃO,AREA DE OPERACOES E CANAIS DIGITAIS,AGROPECUÁRIA E PESCA,Agropecuária,A0119900,CULT PLANTAS LAVOURA TEMPORARIA NAO ESPECIFICADAS ANTERIORMENTE,AGROPECUÁRIA,AGROPECUÁRIA,MICRO,PRIVADA,BANCO DO BRASIL SA,00.000.000.0001-91,LIQUIDADA
9903,BANCO DO BRASIL SA,**.*00.000/0001-**, MG,ITAMBACURI,3132701,2002-03-19T00:00:00,42000,42000,RECURSOS LIVRES - TESOURO,TAXA FIXA,8.75,6,42,REEMBOLSÁVEL,INDIRETA,BNDES AUTOMÁTICO,OUTROS,NÃO,AREA DE OPERACOES E CANAIS DIGITAIS,AGROPECUÁRIA E PESCA,Agropecuária,A0119900,CULT PLANTAS LAVOURA TEMPORARIA NAO ESPECIFICADAS ANTERIORMENTE,AGROPECUÁRIA,AGROPECUÁRIA,MICRO,PRIVADA,BANCO DO BRASIL SA,00.000.000.0001-91,LIQUIDADA
9904,BANCO DO BRASIL SA,**.*00.000/0001-**, MG,JANAUBA,3135100,2002-03-19T00:00:00,47644,47644,RECURSOS LIVRES - TESOURO,TAXA FIXA,8.75,12,48,REEMBOLSÁVEL,INDIRETA,BNDES AUTOMÁTICO,OUTROS,NÃO,AREA DE OPERACOES E CANAIS DIGITAIS,AGROPECUÁRIA E PESCA,Agropecuária,A0119900,CULT PLANTAS LAVOURA TEMPORARIA NAO ESPECIFICADAS ANTERIORMENTE,AGROPECUÁRIA,AGROPECUÁRIA,MICRO,PRIVADA,BANCO DO BRASIL SA,00.000.000.0001-91,LIQUIDADA
9905,BANCO DO BRASIL SA,**.*00.000/0001-**, RS,GARIBALDI,4308607,2002-03-19T00:00:00,8500,8500,RECURSOS LIVRES - TESOURO,TAXA FIXA,8.75,36,60,REEMBOLSÁVEL,INDIRETA,BNDES AUTOMÁTICO,OUTROS,NÃO,AREA DE OPERACOES E CANAIS DIGITAIS,AGROPECUÁRIA E PESCA,Agropecuária,A0132600,CULTIVO DE UVA,AGROPECUÁRIA,AGROPECUÁRIA,MICRO,PRIVADA,BANCO DO BRASIL SA,00.000.000.0001-91,LIQUIDADA
9906,BANCO DO BRASIL SA,**.*00.000/0001-**, SP,PRESIDENTE BERNARDES,3541208,2002-03-19T00:00:00,24000,24000,RECURSOS LIVRES - TESOURO,TAXA FIXA,8.75,12,96,REEMBOLSÁVEL,INDIRETA,BNDES AUTOMÁTICO,OUTROS,NÃO,AREA DE OPERACOES E CANAIS DIGITAIS,AGROPECUÁRIA E PESCA,Agropecuária,A0153902,"CRIACAO DE OVINOS, INCLUSIVE PARA PRODUCAO DE LA",AGROPECUÁRIA,AGROPECUÁRIA,MICRO,PRIVADA,BANCO DO BRASIL SA,00.000.000.0001-91,LIQUIDADA
9907,BANCO DO BRASIL SA,**.*00.000/0001-**, RS,GARIBALDI,4308607,2002-03-19T00:00:00,8200,8200,RECURSOS LIVRES - TESOURO,TAXA FIXA,8.75,36,60,REEMBOLSÁVEL,INDIRETA,BNDES AUTOMÁTICO,OUTROS,NÃO,AREA DE OPERACOES E CANAIS DIGITAIS,AGROPECUÁRIA E PESCA,Agropecuária,A0132600,CULTIVO DE UVA,AGROPECUÁRIA,AGROPECUÁRIA,MICRO,PRIVADA,BANCO DO BRASIL SA,00.000.000.0001-91,LIQUIDADA
9908,BANCO DO BRASIL SA,**.*00.000/0001-**, PE,BUIQUE,2602803,2002-03-19T00:00:00,9690,9690,RECURSOS LIVRES - TESOURO,TAXA FIXA,8.75,24,36,REEMBOLSÁVEL,INDIRETA,BNDES AUTOMÁTICO,OUTROS,NÃO,AREA DE OPERACOES E CANAIS DIGITAIS,AGROPECUÁRIA E PESCA,Agropecuária,A0139300,CULTIVO PLANTAS LAVOURA PERMANENTE NAO ESPECIFICADAS ANTERIOR,AGROPECUÁRIA,AGROPECUÁRIA,MICRO,PRIVADA,BANCO DO BRASIL SA,00.000.000.0001-91,LIQUIDADA
9909,BANCO DE DESENVOLVIMENTO DO ESPIRITO SANTO S/A,**.*45.829/0001-**, ES,PANCAS,3204005,2002-03-19T00:00:00,2726,2726,RECURSOS VINCULADOS - FAT DEPÓSITOS ESPECIAIS,TAXA FIXA,4.0,24,72,REEMBOLSÁVEL,INDIRETA,BNDES AUTOMÁTICO,PRONAF INVESTIMENTO,NÃO,AREA DE OPERACOES E CANAIS DIGITAIS,AGROPECUÁRIA E PESCA,Agropecuária,A0100000,"AGRICULTURA, PECUARIA E SERVICOS RELACIONADOS",AGROPECUÁRIA,AGROPECUÁRIA,MICRO,PRIVADA,BANCO DE DESENVOLVIMENTO DO ESPIRITO SANTO S/A,28.145.829.0001-00,LIQUIDADA
9910,BANCO DE DESENVOLVIMENTO DO ESPIRITO SANTO S/A,**.*45.829/0001-**, ES,IBATIBA,3202454,2002-03-19T00:00:00,6579,6579,RECURSOS VINCULADOS - FAT DEPÓSITOS ESPECIAIS,TAXA FIXA,4.0,12,72,REEMBOLSÁVEL,INDIRETA,BNDES AUTOMÁTICO,PRONAF INVESTIMENTO,NÃO,AREA DE OPERACOES E CANAIS DIGITAIS,AGROPECUÁRIA E PESCA,Agropecuária,A0100000,"AGRICULTURA, PECUARIA E SERVICOS RELACIONADOS",AGROPECUÁRIA,AGROPECUÁRIA,MICRO,PRIVADA,BANCO DE DESENVOLVIMENTO DO ESPIRITO SANTO S/A,28.145.829.0001-00,LIQUIDADA
9911,BANCO COOPERATIVO SICREDI S.A.,**.*81.521/0001-**, RS,SERIO,4320453,2002-03-19T00:00:00,4981,4981,RECURSOS VINCULADOS - FAT DEPÓSITOS ESPECIAIS,TAXA FIXA,4.0,12,66,REEMBOLSÁVEL,INDIRETA,BNDES AUTOMÁTICO,PRONAF INVESTIMENTO,NÃO,AREA DE OPERACOES E CANAIS DIGITAIS,AGROPECUÁRIA E PESCA,Agropecuária,A0100000,"AGRICULTURA, PECUARIA E SERVICOS RELACIONADOS",AGROPECUÁRIA,AGROPECUÁRIA,MICRO,PRIVADA,BANCO COOPERATIVO SICREDI S.A.,01.181.521.0001-55,LIQUIDADA
9912,BANCO COOPERATIVO SICOOB S.A.,**.*38.232/0001-**, MG,SANTA ROSA DA SERRA,3159704,2002-03-19T00:00:00,4000,4000,RECURSOS LIVRES - TESOURO,TAXA FIXA,8.75,12,48,REEMBOLSÁVEL,INDIRETA,BNDES AUTOMÁTICO,OUTROS,NÃO,AREA DE OPERACOES E CANAIS DIGITAIS,AGROPECUÁRIA E PESCA,Agropecuária,A0119900,CULT PLANTAS LAVOURA TEMPORARIA NAO ESPECIFICADAS ANTERIORMENTE,AGROPECUÁRIA,AGROPECUÁRIA,MICRO,PRIVADA,BANCO COOPERATIVO SICOOB S.A.,02.038.232.0001-64,LIQUIDADA
9913,BANCO BRADESCO S.A.,**.*46.948/0001-**, GO,ITAPACI,5210901,2002-03-19T00:00:00,69998,69998,RECURSOS LIVRES - TESOURO,TAXA FIXA,8.75,12,48,REEMBOLSÁVEL,INDIRETA,BNDES AUTOMÁTICO,OUTROS,NÃO,AREA DE OPERACOES E CANAIS DIGITAIS,AGROPECUÁRIA E PESCA,Agropecuária,A0119900,CULT PLANTAS LAVOURA TEMPORARIA NAO ESPECIFICADAS ANTERIORMENTE,AGROPECUÁRIA,AGROPECUÁRIA,MICRO,PRIVADA,BANCO BRADESCO S.A.,60.746.948.0001-12,LIQUIDADA
9914,BANCO BRADESCO S.A.,**.*46.948/0001-**, MS,AQUIDAUANA,5001102,2002-03-19T00:00:00,150000,150000,RECURSOS LIVRES - TESOURO,TAXA FIXA,8.75,12,60,REEMBOLSÁVEL,INDIRETA,BNDES AUTOMÁTICO,OUTROS,NÃO,AREA DE OPERACOES E CANAIS DIGITAIS,AGROPECUÁRIA E PESCA,Agropecuária,A0119900,CULT PLANTAS LAVOURA TEMPORARIA NAO ESPECIFICADAS ANTERIORMENTE,AGROPECUÁRIA,AGROPECUÁRIA,MICRO,PRIVADA,BANCO BRADESCO S.A.,60.746.948.0001-12,LIQUIDADA
9915,AUTO POSTO VT LTDA,**.*61.511/0001-**, SC,JOACABA,4209003,2002-03-19T00:00:00,66280,66280,RECURSOS LIVRES - PRÓPRIOS,TJLP,6.55,3,57,REEMBOLSÁVEL,INDIRETA,BNDES FINAME,OUTROS,NÃO,AREA DE OPERACOES E CANAIS DIGITAIS,COMERCIO E SERVICOS,Comércio,G4731800,COMERCIO VAREJISTA DE COMBUSTIVEIS PARA VEICULOS AUTOMOTORES,COMERCIO/SERVICOS,COMÉRCIO E SERVIÇOS,PEQUENA,PRIVADA,BANCO VOLKSWAGEN S.A.,59.109.165.0001-49,LIQUIDADA
9916,AUTO CENTER PARADA 971 LTDA,**.*81.335/0001-**, RJ,RIO DE JANEIRO,3304557,2002-03-19T00:00:00,27487,27487,RECURSOS LIVRES - PRÓPRIOS,TJLP,5.0,12,48,REEMBOLSÁVEL,INDIRETA,BNDES FINAME,OUTROS,NÃO,AREA DE OPERACOES E CANAIS DIGITAIS,COMERCIO E SERVICOS,"Ativ imobil, profissional e adm",N8200000,SERV ESCRITORIO DE APOIO ADM E OUTROS SERVICOS PRESTADOS AS EMPRE,COMERCIO/SERVICOS,COMÉRCIO E SERVIÇOS,MICRO,PRIVADA,CAIXA ECONOMICA FEDERAL,00.360.305.0001-04,LIQUIDADA
9917,AORTA DO BRASIL INDUSTRIA E COMERCIO LTDA,**.*00.553/0001-**, RJ,DUQUE DE CAXIAS,3301702,2002-03-19T00:00:00,1540813,1540813,RECURSOS LIVRES - FAT,TJLP,5.0,6,30,REEMBOLSÁVEL,INDIRETA,BNDES FINAME,OUTROS,NÃO,AREA DE OPERACOES E CANAIS DIGITAIS,INDUSTRIA DE TRANSFORMAÇÃO,Celulose e papel,C1749400,FAB PROD PSTAS CELULOSI PPEL CART PPLAO ONDUL N ESPECI ANTERIO,INDUSTRIA,CELULOSE E PAPEL,MÉDIA,PRIVADA,MASSA FALIDA DO BANCO BVA S.A.,32.254.138.0001-03,LIQUIDADA
9918,AMBEV S.A.,**.*26.557/0001-**, RS,SAPUCAIA DO SUL,4320008,2002-03-19T00:00:00,68813,68813,RECURSOS LIVRES - PRÓPRIOS,TJLP,3.4,12,48,REEMBOLSÁVEL,INDIRETA,BNDES FINAME,OUTROS,NÃO,AREA DE OPERACOES E CANAIS DIGITAIS,INDUSTRIA DE TRANSFORMAÇÃO,Bebidas,C1113500,"FABRICACAO DE MALTE, CERVEJAS E CHOPES",INDUSTRIA,ALIMENTO E BEBIDA,GRANDE,PRIVADA,BANCO DO BRASIL SA,00.000.000.0001-91,LIQUIDADA
9919,ESTAÇAO DE AGUAS MIN.V.ARAUCARIAS LTDA.,**.*46.274/0001-**, PR,CASCAVEL,4104808,2002-03-19T00:00:00,93520,93520,RECURSOS LIVRES - PRÓPRIOS,TJLP,7.0,3,39,REEMBOLSÁVEL,INDIRETA,BNDES FINAME,OUTROS,NÃO,AREA DE OPERACOES E CANAIS DIGITAIS,INDUSTRIA DE TRANSFORMAÇÃO,Bebidas,C1121600,FABRICACAO DE AGUAS ENVASADAS,INDUSTRIA,ALIMENTO E BEBIDA,MICRO,PRIVADA,BANCO BRADESCO S.A.,60.746.948.0001-12,LIQUIDADA
9920,BANCO DO BRASIL SA,**.*00.000/0001-**, ES,MUQUI,3203809,2002-03-19T00:00:00,19608,19608,RECURSOS LIVRES - TESOURO,TAXA FIXA,8.75,24,30,REEMBOLSÁVEL,INDIRETA,BNDES AUTOMÁTICO,OUTROS,NÃO,AREA DE OPERACOES E CANAIS DIGITAIS,AGROPECUÁRIA E PESCA,Agropecuária,A0139300,CULTIVO PLANTAS LAVOURA PERMANENTE NAO ESPECIFICADAS ANTERIOR,AGROPECUÁRIA,AGROPECUÁRIA,MICRO,PRIVADA,BANCO DO BRASIL SA,00.000.000.0001-91,LIQUIDADA
9921,BANCO DO BRASIL SA,**.*00.000/0001-**, SC,LAGUNA,4209409,2002-03-19T00:00:00,40000,40000,RECURSOS LIVRES - TESOURO,TAXA FIXA,8.75,12,48,REEMBOLSÁVEL,INDIRETA,BNDES AUTOMÁTICO,OUTROS,NÃO,AREA DE OPERACOES E CANAIS DIGITAIS,AGROPECUÁRIA E PESCA,Agropecuária,A0320000,AQUICULTURA,AGROPECUÁRIA,AGROPECUÁRIA,MICRO,PRIVADA,BANCO DO BRASIL SA,00.000.000.0001-91,LIQUIDADA
9922,BANCO BRADESCO S.A.,**.*46.948/0001-**, SP,BURITAMA,3508108,2002-03-19T00:00:00,24475,24475,RECURSOS LIVRES - TESOURO,TAXA FIXA,8.75,0,60,REEMBOLSÁVEL,INDIRETA,BNDES AUTOMÁTICO,OUTROS,NÃO,AREA DE OPERACOES E CANAIS DIGITAIS,AGROPECUÁRIA E PESCA,Agropecuária,A0119900,CULT PLANTAS LAVOURA TEMPORARIA NAO ESPECIFICADAS ANTERIORMENTE,AGROPECUÁRIA,AGROPECUÁRIA,MICRO,PRIVADA,BANCO BRADESCO S.A.,60.746.948.0001-12,LIQUIDADA
9923,BANCO DO BRASIL SA,**.*00.000/0001-**, SC,TANGARA,4217907,2002-03-19T00:00:00,78000,78000,RECURSOS LIVRES - TESOURO,TAXA FIXA,8.75,24,72,REEMBOLSÁVEL,INDIRETA,BNDES AUTOMÁTICO,OUTROS,NÃO,AREA DE OPERACOES E CANAIS DIGITAIS,AGROPECUÁRIA E PESCA,Agropecuária,A0139300,CULTIVO PLANTAS LAVOURA PERMANENTE NAO ESPECIFICADAS ANTERIOR,AGROPECUÁRIA,AGROPECUÁRIA,MICRO,PRIVADA,BANCO DO BRASIL SA,00.000.000.0001-91,LIQUIDADA
9924,ENERGISA TOCANTINS DISTRIBUIDORA DE ENERGIA S.A.,**.*86.034/0001-**, TO,PALMAS,1721000,2002-03-19T00:00:00,484434,484434,RECURSOS LIVRES - PRÓPRIOS,TJLP,,6,30,REEMBOLSÁVEL,INDIRETA,BNDES FINAME,OUTROS,NÃO,AREA DE MERCADO DE CAPITAIS CAPTACAO E RELAC INVEST,COMERCIO E SERVICOS,Eletricidade e gás,D3510000,"GERACAO, TRANSMISSAO E DISTRIBUICAO DE ENERGIA ELETRICA",INFRA-ESTRUTURA,ENERGIA ELÉTRICA,GRANDE,PRIVADA,SEM NOME,00.000.000.0000-00,LIQUIDADA
9925,BANCO DO BRASIL SA,**.*00.000/0001-**, PE,FREI MIGUELINHO,2605806,2002-03-19T00:00:00,25245,25245,RECURSOS LIVRES - TESOURO,TAXA FIXA,8.75,12,60,REEMBOLSÁVEL,INDIRETA,BNDES AUTOMÁTICO,OUTROS,NÃO,AREA DE OPERACOES E CANAIS DIGITAIS,AGROPECUÁRIA E PESCA,Agropecuária,A0153902,"CRIACAO DE OVINOS, INCLUSIVE PARA PRODUCAO DE LA",AGROPECUÁRIA,AGROPECUÁRIA,MICRO,PRIVADA,BANCO DO BRASIL SA,00.000.000.0001-91,LIQUIDADA
9926,ENERGISA MATO GROSSO - DISTRIBUIDORA DE ENERGIA S.A.,**.*67.321/0001-**, MT,CUIABA,5103403,2002-03-19T00:00:00,1063814,1063814,RECURSOS LIVRES - PRÓPRIOS,TJLP,,6,30,REEMBOLSÁVEL,INDIRETA,BNDES FINAME,OUTROS,NÃO,AREA DE MERCADO DE CAPITAIS CAPTACAO E RELAC INVEST,COMERCIO E SERVICOS,Eletricidade e gás,D3510000,"GERACAO, TRANSMISSAO E DISTRIBUICAO DE ENERGIA ELETRICA",INFRA-ESTRUTURA,ENERGIA ELÉTRICA,GRANDE,PRIVADA,SEM NOME,00.000.000.0000-00,LIQUIDADA
9927,DIGIMAQ MULTIMARCAS COMERCIO DE MAQ E SUP LTDA EPP,**.*74.813/0001-**, SC,CHAPECO,4204202,2002-03-19T00:00:00,20000,20000,RECURSOS LIVRES - FAT,TJLP,14.5,3,9,REEMBOLSÁVEL,INDIRETA,BNDES AUTOMÁTICO,OUTROS,NÃO,AREA DE OPERACOES E CANAIS DIGITAIS,COMERCIO E SERVICOS,Comércio,G4751201,COM VAREJO ESPECIALIZADO EQUIPAMENTOS SUPRIMENTOS INFORMATICA,COMERCIO/SERVICOS,COMÉRCIO E SERVIÇOS,MICRO,PRIVADA,AGENCIA DE FOMENTO DO ESTADO DE SANTA CATARINA S.A. - B,82.937.293.0001-00,LIQUIDADA
9928,COSTAGAS TRANSPORTES LTDA,**.*09.601/0001-**, PR,FRANCISCO BELTRAO,4108403,2002-03-19T00:00:00,122400,122400,RECURSOS LIVRES - PRÓPRIOS,TJLP,6.0,0,54,REEMBOLSÁVEL,INDIRETA,BNDES FINAME,OUTROS,NÃO,AREA DE OPERACOES E CANAIS DIGITAIS,COMERCIO E SERVICOS,Comércio,G4689300,COM ATAC ESPECI OUTROS PROD INTERMEDI NAO ESPECI ANTERIORMENTE,COMERCIO/SERVICOS,COMÉRCIO E SERVIÇOS,PEQUENA,PRIVADA,BANCO BRADESCO S.A.,60.746.948.0001-12,LIQUIDADA
